created_at,status_id,user_id,user_name,text,favourites,retweet,source
2021-09-19 23:50:28,1439738694584311810,buns_chen,BunsChen,@ruruisme_ 哈利波特，雙人組隊啊😂,0,0,Twitter for iPhone
2021-09-19 23:48:16,1439738139346567170,jeonchil,I'm顧西,"我跟我媽說湯姆跟艾瑪以前在哈利波特片場互相喜歡⋯
：欸你知道馬份跟妙麗戲外暗戀對方嗎

👩‍👧：真的假的我不知道欸

：可是他們沒有在一起。
乾他們一起拍戲10年、10年欸！！艾瑪就說湯姆不可能不知道她喜歡他⋯
我超氣，他們沒在一起欸我超氣

👩‍👧：你氣三小。",5,0,Twitter for Android
2021-09-19 23:47:09,1439737860584660998,James_is_back_,阿展,"真的有哈利波特迷喜歡那個手遊嗎?
我如果看到喜歡的作品被改成支味十足的手遊還搞言論審查真的會爆氣ㄟ",2,0,Twitter for Android
2021-09-19 23:32:12,1439734099329966083,sujung9304,🐋수정✨,"放假想要做的事
- 迪士尼💕
- 哈利波特
- 整理自己的想法
- 休息
- 看書",1,0,Twitter for iPhone
2021-09-19 22:58:31,1439725619840004104,OvO_Miao,憨批猫妖🏳️‍🌈,"慌了一个周末 把实验的的candidate compounds定下来了 老婆还没起床～ 想脑婆 我想看老婆睡觉！！！嘿～～ 嘿嘿～～～ 嘿嘿～～～（此处自行带入哈利波特最后一部伏地魔认为哈利死了的笑声）
（¯﹃¯）… https://t.co/hdTN9HVghH",2,0,Twitter for iPhone
2021-09-19 19:52:18,1439678757933965313,vigooooook,vigo🤍,看哈利波特看到凌晨四点 哭没了,17,0,Twitter for iPhone
2021-09-19 19:43:11,1439676464530477057,zhaoyang2002,鳏鳏🌻,"我找不到更多的词去赞美这位太太的剪辑了
可以说是我今年最爱的哈利波特群像剪辑 https://t.co/6XXedCutJM",0,0,Twitter for iPhone
2021-09-19 19:27:24,1439672491794862083,8LGUPIpNXDFCXAE,思念【猫奴｜猫控｜不太会说话｜嘴笨】,@Decease31782438 哈利波特还有游戏？？,0,0,Twitter for iPhone
2021-09-19 19:21:48,1439671083259478017,Glaya_OwO,歌央央,"《中秋摸魚》
Tetris 剩10個人還敢聊哈利波特，看來是很有餘裕啊www 

兔耳本體太可愛惹叭(๑ ́ᄇ`๑)！乓！
所以腦補了一下今天線下畫面：手收沒空需要靠薩寶喂月餅的雙人兔兔

順便讓我們歡迎延誤就學2000年的霍格華… https://t.co/iEaqPS3NcU",171,10,Twitter for iPhone
2021-09-19 19:16:05,1439669644374122498,fishforthemoonz,吃不了兜着走,"你妈的 哈利波特怎么这么上头
单排冲到5k了 全是富哥们 比我多好几百血 不打了！",1,0,Twitter for Android
2021-09-19 18:30:01,1439658050118316033,mailbox955813,郵筒🏓🧈,又測了兩次都是雷文克勞…越了解哈利波特世界就越不獾院了餒，怎麼會這樣…還是是我變了…,0,0,Twitter for iPhone
2021-09-19 18:15:11,1439654318295027713,mizuka_22,泉花✿臉黑黑,"@as9393939 心有靈犀（（（
那趕快下載哈利波特（？",1,0,Twitter for iPhone
2021-09-19 18:13:49,1439653974064332801,mizuka_22,泉花✿臉黑黑,"遊戲抽卡臉黑黑就算了
最近做什麼事情都臉黑黑
每天睡醒都期望明天都更好
希望明天真的能更好(~_~)

那
我要去玩哈利波特了（（（",2,0,Twitter for iPhone
2021-09-19 18:13:06,1439653794644516867,real89198965,落葉歸根🍁,"@HarryHo0014 我可不是哈利波特小三。
大姐千万不要误会！嘻嘻嘻！",1,0,Twitter for Android
2021-09-19 17:56:56,1439649725645393922,real89198965,落葉歸根🍁,"哈利波特中毒了。
莫名其妙分身分错
写道：虐待小狗狗 https://t.co/T5fJVq1sGu",2,0,Twitter for Android
2021-09-19 17:22:45,1439641122402304000,Enoeno0131,伊諾,哈利波特手遊好好玩,4,0,Twitter for iPhone
2021-09-19 16:30:07,1439627875397750784,discouldntkn,qwertyuiop,肥肠神奇，哈利波特大概是唯一一部我读中文和英文会用同一套理解系统去处理的书——本能系统,0,0,Twitter for iPhone
2021-09-19 16:03:05,1439621073893355528,Booootsu_qs,波子电气水,"最近读书汇报……
在啃英文的哈利波特，然后伪币制造者也缓慢推进。可是最近实在是，状态不太好，开了很多新书在看又睡不好……啊
糟糕的一周
唉……配图是魂断威尼斯 https://t.co/RRDZvWrhsG",0,0,Twitter for Android
2021-09-19 15:59:37,1439620202002477059,yan_cate_,麻辣肥羊,笑死我現在哈利波特的屏幕一直閃 因為我用太多次黑魔法了 準備進阿茲卡班,7,0,Twitter for Android
2021-09-19 15:48:29,1439617398038876170,cuicuisausage,🐦脆脆肠🦌,我被哈利波特吸了精气，我不能再玩了，我要画画,0,0,Twitter for Android
2021-09-19 15:46:48,1439616975714488330,yueen210,雨垣 （ゆえん）,"哈利波特遊戲
鷹院可愛小聰明
蛇院打架第一名...。",0,0,Twitter for iPhone
2021-09-19 15:40:00,1439615266350981124,evalovelaw,多吃妤😍トラファルガー・ロー,"今天逛勤美看到設計師玩具快閃店
覺得哈利波特盒玩太可愛
買了一抽來玩
抽到榮恩好可愛哦 https://t.co/DJGBG4ZCOY",0,0,Twitter for Android
2021-09-19 15:37:59,1439614758827614212,7irises7,夜柒,打个哈利波特感觉头都要被打掉了，贝拉的回响真的打得人受不了,0,0,Twitter for Android
2021-09-19 15:37:34,1439614650832674819,cony_gps,cony,之前一次说看不懂汉密尔顿「男主出轨哎」的也是她。我真的应该及时从人生中开除这种人的，虽然哈利波特不是什么好游戏吧，估计她是再也吃不出什么好东西了。,2,0,Twitter for Android
2021-09-19 15:32:37,1439613405959176199,bearbearv_,베어베어뷔🧸,決定來重看哈利波特全系列,0,0,Twitter for iPhone
2021-09-19 15:22:51,1439610946675044364,Yanr78,yan78,因為遊戲而看了第一集哈利波特...😂,1,0,Twitter for Android
2021-09-19 15:13:14,1439608528751108100,cola_nono_,可樂沒有營養不良,之前晚上都會看哈利波特 那時候看到鄧不利多死掉那邊 哭到整個咪咪冒冒 隔天早上起來整個大恍神,0,0,Twitter for iPhone
2021-09-19 14:59:52,1439605166550904832,poooo_chu,「會長，這個世界怎麼了？」,"妹買了中衛哈利波特霍格華茲口罩讓我們分，一人拿一個學院，我考慮了很久，抱歉了勇氣、冒險、睿智、果決、博學、聰穎、野心、尊爵不凡、絕頂天才與正義ㄉ化身

我選有帥哥西追的那個",965,39,Twitter for iPhone
2021-09-19 14:59:13,1439605003052666884,DeadlineChaser,請給我D罩杯,"@Caipirinha0607 有稍微耳聞過就覺得那個淒慘的程度真的是慘絕人寰(。
雖說要支持台灣譯者，但也很怕這種情況啊⋯⋯（畢竟哈利波特當時改皇冠編譯組也讓我倒彈過）品質差或是不老實的東西怎麼樣都支持不下去，真希望台灣的更多生意人能認知到這點。",1,0,Twitter for iPhone
2021-09-19 14:33:57,1439598642843697159,Yuki030407,Yuki_,"原本想烤肉（不是物理香噴噴的那個烤肉）
結果翻到一半就開始打瞌睡…
所以我決定玩哈利波特去（？？",1,0,Twitter for Android
2021-09-19 14:32:35,1439598297514225670,LucccifferER,👹👹👹,"对约翰威廉姆斯我是彻底服气的～ 今天可以通撸一遍哈利波特🪄

【哈利波特组曲】重返魔法世界！ https://t.co/UH84iiHg24 来自 @YouTube",1,0,Twitter for iPhone
2021-09-19 14:31:36,1439598052113670144,chisumi_knetai,知墨📦｜進度 38/110（複習中）,"19/9
今天發現🐧原來有載哈利波特喔……好激動……
就莫名悸動
就莫名悸動
也許是昨天跟姊談完好多關於🐧的事今天我也有點暈^^
然後ies題目又好死不死搞彩虹話題 看婚姻合法化心裡悸動完全充斥（（））好喔
回去 無表示",1,0,Twitter for Android
2021-09-19 14:20:22,1439595223881895943,yyy0302L,橘子L,@_Y4o30_ 放假的话还是感觉晴天好一些，出门也比较方便，我这边今天下了一天的雨。就不太想出门，然后就一直在玩哈利波特🤣,1,0,Twitter for iPhone
2021-09-19 14:10:35,1439592761519325190,ki_wei_lion,嘎逼,慘了 哈利波特中毒惹🥺 https://t.co/I4FXFbgQ64,4,0,Twitter for iPhone
2021-09-19 14:02:02,1439590611259064321,Guyue_L,Light～月,北京终于有哈利波特城堡啦 https://t.co/RvfpucBiSA,0,0,Twitter for iPhone
2021-09-19 13:58:34,1439589736654327810,yyis_cat,xy,最近在玩网易的哈利波特 有人带带我吗,1,0,Twitter for Android
2021-09-19 13:21:23,1439580378646282241,MarkHKNY,🇨🇳☭紫电⚙️🌾青霜⚒︎🇭🇰（开学淡推）,@leowang00l @yayayayx_ 啥？哈利波特还能出游戏了？,0,0,Twitter Web App
2021-09-19 13:17:11,1439579323183165441,MarkHKNY,🇨🇳☭紫电⚙️🌾青霜⚒︎🇭🇰（开学淡推）,@leowang00l @yayayayx_ 哈利波特和玩家啥关系啊,0,0,Twitter Web App
2021-09-19 13:12:47,1439578216893542406,charon228,Zzzoy,"……看天官忘记打哈利波特手游的社团活动了
急急忙忙进来结果他喵的在排队？？？？

信积拉奶 https://t.co/IpSE8yzbck",0,0,Twitter for iPhone
2021-09-19 13:09:54,1439577492482715653,justacatfeelmeh,♡🌸MEH🌸♡,我很喜歡哈利波特，但哈利波特的作者J.K.Rowling請去死🥰,10,0,Twitter for iPhone
2021-09-19 13:05:49,1439576462340673536,FrankeyQi,IDollstar,"【哈利波特】格兰芬多，分多分多，正义勇敢！
#哈利波特 #타오바오  #20cm인형옷  #인형옷 #바로배송 #娃娃衣服 #20cm娃衣 #20cmdolls #棉花娃衣 https://t.co/AiH3xVyWZG",1,0,Twitter Web App
2021-09-19 13:02:00,1439575502528778240,MarkHKNY,🇨🇳☭紫电⚙️🌾青霜⚒︎🇭🇰（开学淡推）,@yayayayx_ ？没看懂，哈利波特和氪金佬有关系吗？,0,0,Twitter Web App
2021-09-19 12:58:56,1439574732064526337,Ariel03501708,Ariel,"我真是傻。给拆腻子的劣质手游花费重金，并没有提升一点游戏体验。每花一分钱只会让傻叉策划觉得亲密玫瑰这类几把东西很有用，并继续增加此类几把东西。
让我顿悟的是哈利波特手游，2021年了还整2.5D建模。
打开ps玩刺客信条不爽吗？",0,0,Twitter for iPhone
2021-09-19 12:40:32,1439570101062094848,Suyama3490,胖丁△,"有人玩那個哈利波特手遊回答問題
問石內普最重要的人是誰 選詹姆的人到底是有沒有看過原作啊==",2,0,Twitter Web App
2021-09-19 12:20:44,1439565118916870148,fgomerlinmylove,加拉哈德♥,"😱😱😱fgo竟然佔我遊戲7.5G😂
一定是這樣我的哈利波特才那麼當😂",4,0,Twitter for Android
2021-09-19 11:45:17,1439556197409951751,yuyuk97_,櫻桃辣椒,@xuanqi_1201 ㄟ我想等換手機之後再來玩 比換手機之前先到的是哈利波特電腦版,0,0,Twitter for Android
2021-09-19 11:33:00,1439553103380959243,Ziyang__Sun,손자양,@ZedongWinine @friddleleo 看铁雨懂韩国，看纸牌屋懂英国，看好莱坞懂美国，看三体懂宇宙。看了哈利波特之后懂了直接骑着扫帚从楼上跳下去就能飞的原理,16,1,Twitter for iPhone
2021-09-19 11:26:34,1439551486132850691,kancorecn,鎮守府のマスター,哈利波特的中国风皮肤，这个白旗袍挺好看 （1/4） https://t.co/hNM4cHtuyL,0,0,Twitter for iPhone
2021-09-19 11:23:58,1439550831800434688,bolahae_bt_613,鮪魚呦,哈利波特好好玩 我一直在打決鬥社,1,0,Twitter for iPhone
2021-09-19 10:50:35,1439542432572444674,ys_himawari_,葵🎐,"看完Sex Education S1-2後3剛好出來就順便看下去，然後Too hot to handle又剛好要出拉丁美洲篇了…

這樣下去我什麼時候可以看哈利波特🥵",0,0,Twitter for iPhone
2021-09-19 10:48:18,1439541854345707524,bfb4002,🍜,哈利波特好难玩🥲,5,0,Twitter for iPhone
2021-09-19 10:36:33,1439538900393857034,youngforsweet,我不是那隻歲歲,"@94fakela 我跟朋友一起玩還滿開心的
我自己覺得哈利波特粉絲的話很推薦",0,0,Twitter for iPhone
2021-09-19 10:28:09,1439536783176265734,my_jewel_ONEWE,My Jewel - ONEWE 马来西亚中文首战,"💜[#姜贤_官咖更新]
[签到板块]
.
这样的天气很奇妙
想重新看过《哈利波特》……😃
因为是中秋节x2倍

WEVE们有想看的电视剧或者电影吗？
.
#ONEWE #원위 #YONGHOON #KANGHYUN #HARIN… https://t.co/K0QLngPJZe",0,0,Twitter for Android
2021-09-19 10:23:47,1439535684394520578,Mohantann,墨大花🌸,"從昨天開始我弟就一直跟我哈利波特問答

好ㄌ啦雷文克勞真難相處",1,0,Twitter for iPhone
2021-09-19 09:41:17,1439524992526405633,sui_shen_,👁👄👁 水甚👅🧈🐰,*當你想起你過去有多愛哈利波特系列的同時也想起羅琳是個恐跨跟TERF* https://t.co/Pvkvi7EsAF https://t.co/icT7qIyt8c,11,0,Twitter for iPhone
2021-09-19 09:41:15,1439524983114387459,iamlittlterice,小毛球· 米米,"最近哈利波特遊戲有跟好友組隊對戰拿巧克力蛙活動

我很喜歡這個
很喜歡朋友會理所當然的喊我上線
更喜歡完全沒有溝通但就是知道對方什麼時候要做什麼跟著輔助對方
也超級喜歡2個人血量低過半時朋友優先補我血

我喜歡這種不開麥不打字的默契",9,0,Twitter for iPhone
2021-09-19 09:30:31,1439522282439786507,takeko77,ばんぶぅ,好想問MBTI還有哈利波特學院但看之前很多人問過沒被回答到所以放棄（,0,0,Twitter for iPhone
2021-09-19 09:21:54,1439520111770046466,Dkuzb1,堤,"哈利波特我覺得最好看ㄉ地方是從阿茲卡班的逃犯結尾那邊開始(時間回溯)一直到後面
火盃的考驗我也超喜歡的==",1,0,Twitter Web App
2021-09-19 09:21:27,1439519998863572995,luvLevi_83,恐怖吉了啦,"今天還沒解哈利波特魔法覺醒的任務…
有遇到很讚可以一起解任務的好朋朋&gt;&lt;
他們人好好😭",1,0,Twitter for Android
2021-09-19 09:21:14,1439519945654620163,cgviiii,黑心腸,我可以開一個玩哈利波特耍笨日記了,3,0,Twitter for iPhone
2021-09-19 09:04:40,1439515776877092869,jgejge909_,晴天909,"今天喝到了很好喝的牛奶草莓奶綠燒仙草。
因為連續下雨，整個人都昏昏欲睡。玩了一天哈利波特的手遊。今天通關了很多。單人決鬥的時候連續幾次都在殘血的狀態下把對方給反殺了，很開心。我沒有按攻略的牌組來打，在自己搭配玩耍。",0,0,Twitter Web App
2021-09-19 09:04:21,1439515696455581696,yuyuk97_,櫻桃辣椒,希望哈利波特趕快出電腦版ㄉ 好想趕快玩ㄛㄛ,3,0,Twitter for Android
2021-09-19 08:48:57,1439511820927070208,PV_equal_nRT,🌈理想氣體方程式🔥,"：「『洗洗睡』聽起來好像什麼哈利波特的咒語喔，像是咒咒虐、水水來之類的」

：「哇那『尻尻睡』聽起來很厲害ㄟ」",143,3,Twitter Web App
2021-09-19 07:59:44,1439499434685988864,pvphy,phi,《機智醫生生活》播出後，也有許多觀眾批評其奇幻程度堪比《哈利波特》，（中略）申元浩解釋初衷：「我看過很多類似『這樣的醫生在哪裡？』的評論。但即使只是幻想，我也希望我的這份幻想能讓你覺得『我希望遇見這樣的人，所以我也必須成為一個好人… https://t.co/WwQp73yXKB,6,1,Twitter Web App
2021-09-19 07:44:01,1439495478039564293,uniswap12,Forgotten.bit,哈利波特小镇 https://t.co/qn4SMQ1Z06,23,2,Twitter Web App
2021-09-19 07:34:55,1439493190428422147,scorpiowitchJe,凭秋,"在今天的某一瞬间
玩哈利波特的时候
排位赛碰到用黑魔法那一套的我直接躺平
然后内心无限悲伤",3,0,Twitter for iPhone
2021-09-19 07:33:34,1439492850517897219,jkbabybb,傑西⸝⸝⸝♡,"把哈利波特下載又刪下載又刪 因為覺得自己沒時間玩
今天又想來試試看ㄌ https://t.co/RSzk8fslgd",0,0,Twitter for iPhone
2021-09-19 07:24:09,1439490480006258690,ano_1009,ANO,唉要不是哈利波特那個遊戲是網易的要不我也挺想玩的🤯（,1,0,Twitter Web App
2021-09-19 07:02:58,1439485146835546112,petalshkfree,petalshk,"@Oo_Danielle_oO 就像你們這些人要是沒有法律一定上街強暴幼女一樣。
我要是可以的話一定把這種癖好的男人斷手斷腳扔在豬圈

所以沒法律你也會殺人放火嗎？你是指你自己吧～現實算了，二次元你干涉什麼？
那應該gta5 哈利… https://t.co/05aDmKtBoj",0,0,Twitter Web App
2021-09-19 06:48:27,1439481495769391112,AZ12171217,A Z,@hollylululu 哈 让我想到哈利波特里的比比多味豆,1,0,Twitter Web App
2021-09-19 06:43:09,1439480160516927493,kami_10969,阿神◓早點睡覺,IG想要避開哈利波特手遊真的避不掉耶,1,0,Twitter Web App
2021-09-19 06:36:12,1439478414264573953,sui_shen_,👁👄👁 水甚👅🧈🐰,"小時候還看不太懂哈利波特
現在再去重新複習一次劇情 到死神的聖物那邊整個大哭🥲",71,0,Twitter for iPhone
2021-09-19 06:22:12,1439474889728020482,Wesley7896183,卫斯理(Wesley)@shenzhen,昨晚给儿子读了差不多四十多分钟的哈利波特，中午我媳妇上杆子说要读给我儿子听，差不多读了100个字就放弃了，然后找手机播放音频，朗读这种事情真的需要耐性，做多了自然有很多乐趣，估计很多人高中之后就丧失了朗读能力了吧,4,0,Twitter for Android
2021-09-19 06:08:43,1439471494526951425,benji5447,Benjamin,"#誰來早安 #在意不在意
終於放假了✌️✌️
哈利波特 還不錯玩，有人要加我一起玩嗎？
#missing #自言自語🤪 https://t.co/XUIh5YHcs5",4,0,Twitter for iPhone
2021-09-19 06:08:02,1439471326150885376,Totoro_frlpro,糖漿魔法小龍貓（曲速成長中）,@Totoro_chempro @Hshiu 印象中是哈利波特的XD,1,0,Twitter for iPhone
2021-09-19 05:27:44,1439461184730763264,Louxenhamburg,🦌🌲🍔,"跟朋友討論HoloEN的哈利波特paro
結論是🦈🔍赫夫帕夫、🐙雷文克勞、🐔💀葛來分多",1,0,Twitter for iPhone
2021-09-19 05:20:12,1439459285159743494,ZHU__YAN,竹言,"看，2001年的畫質真的差到極點欸
ㄇㄉ
整部哈利波特都是糊的",2,0,Twitter for iPhone
2021-09-19 05:14:05,1439457747938918403,btrt1230,유유유유유자차,"有沒有人玩哈利波特啊….
社團缺人…🐍院的",17,0,Twitter for iPhone
2021-09-19 05:04:12,1439455259080884225,piepie1223,奶油派🦀🦀,哈利波特果然不適合我這種很不會玩遊戲的人阿,0,0,Twitter for Android
2021-09-19 04:31:19,1439446985631682560,SHhoney_jiu,上海ハニーน้ำผึ้ง,@emmavsedison @edisonvsemma 没事 哈利波特我喜欢💕,1,0,Twitter for iPhone
2021-09-19 04:29:36,1439446554859900933,emmavsedison,挨骂姐,@SHhoney_jiu @edisonvsemma 可能这就是一千个人，一千个哈姆雷特吧～（差点儿说成一千个人一千个哈利波特艹😂）,1,0,Twitter for Android
2021-09-19 04:22:32,1439444772528164864,asdqwe352002,鬼不董與當機的日常生活,也想玩哈利波特手遊，可是一想到是骨子裡是那間公司就ㄅ想玩了...........,1,0,Twitter Web App
2021-09-19 04:19:10,1439443926188838913,PV_equal_nRT,🌈理想氣體方程式🔥,@king082224 @haonigetou 就常常一個週末不知道要幹嘛，電影馬拉松直接靶一整系列《哈利波特》、《魔戒》、《哈比人》、《神鬼奇航》或者一些漫威的電影一次看完wwww,2,0,Twitter for iPhone
2021-09-19 04:07:10,1439440907292618755,C_Sve,Deluxe Sven,@gmdl23333 哈利波特烦恼,1,0,Twitter for iPhone
2021-09-19 03:44:22,1439435168905785350,min22oo,o嗚,"感覺會拆失敗
我要去玩哈利波特麻醉自己ㄌ
（已經沈迷到999累積兩集還不去看）",1,0,Twitter for iPhone
2021-09-19 03:37:24,1439433415149772802,abc334567890,⁝(ᵒ̴̶̷᷄൧̑ ᵒ̴̶̷᷅ )⁝·想成為ポカ的小可愛◢ ㋳⊿,蛤，我覺得哈利波特還蠻好玩的，怎麼辦,2,0,Twitter Web App
2021-09-19 03:19:22,1439428879114915843,understand2210,ㅁㅊ,想買哈利波特百科全書。,0,0,Twitter for iPhone
2021-09-19 02:57:52,1439423468718592003,ANNYYU7,ANNY YU at VDL: World-leading Battery Manufacturer,"中秋佳节第一天：研究研究哈利波特[呲牙][呲牙][呲牙]
#哈利波特 #中秋节 https://t.co/c9Vq2ow6KS",0,0,Twitter for iPhone
2021-09-19 02:41:03,1439419236053442560,aklddcat,D.D.😷,哈利波特游戏出旗袍这是什么鬼？,2,0,Twitter for Android
2021-09-19 02:26:39,1439415612443222021,AlertCina,中國警告 Alert Cina,"2021年7月份艺术家Joshua Vides就曾经在ins上diss #太平鸟 抄袭。太平鸟把大牌的小众的它全薅了个遍,它 连2020年的哈利波特 韩国联名系列背心 也抄袭

📣太平鸟最早做日本西装订单, 后期业务下降。转作抄小… https://t.co/JpA1wC9Tc8",0,0,Twitter Web App
2021-09-19 00:11:31,1439381604292435971,Abby_0083,Abby Zang🇨🇳,@gmdl23333 差点说哈利波特,1,0,Twitter for Android
2021-09-19 00:01:30,1439379082450325508,imgeonuloveu,ًs,"于小宇这🥣回天津了 偌大的房间就我一个人  又爽又无聊…
我最近下载了那个哈利波特的游戏 还不错 挺好玩～我选的蛇院 不过是萌新 也就这两天刚下载 最高连胜才没几场😿
（p1是放学路上看着这个☁️很像小怪兽～就拍下来啦～剩下的风景照就都",0,0,Twitter for iPad
2021-09-18 22:41:44,1439359007915790338,ssvs73608,玥炭(ゆえたん)✨觀光局長,"跟朋朋看哈利波特第一集
我都在吐嘈www

「古靈閣是僅次於霍格華茲安全的地方」
古靈閣遭竊
玥炭：第二安全的地方

山怪
玥炭：最安全的地方",3,0,Twitter for Android
2021-09-18 22:35:53,1439357536960802819,jikgyhl,saka_____🏯,@tksr_chiya_V 说起来最近中国上线了一个哈利波特游戏,0,0,Twitter Web App
2021-09-18 22:31:37,1439356462883426305,ak6510820,越野兔,@Ag2179c 哈利波特游戏爱好者 不甜,1,0,Twitter for iPhone
2021-09-18 21:15:00,1439337181617684482,Littlepill777,球球（女主版）,"我把“最近在重看哈利波特
改成“最近没有xsh

我试试自慰的时候
帮他把魔杖掏出来",0,0,Twitter for iPhone
2021-09-18 21:12:14,1439336485862379525,thereallar1,the.real.lar,@gmdl23333 哈利波特烦恼,1,0,Twitter for Android
2021-09-18 20:51:37,1439331296652627975,plzputmetobed,小巷歹徒,因為玩了新的哈利波特手遊所以又開始重看哈利波特的小說☕️,0,0,Twitter for iPhone
2021-09-18 18:43:31,1439299061970976773,imupuppy,你真的很烦诶,本来大半夜的就很emo嘛 想着玩哈利波特放松一下 我都没有去打决斗 就想着把碎片收集一下 结果直接被那个舞曲整破防了😢😢😢 我就是手残我就是搞不来 为什么我搜集碎片还要我跳四星啊 到后面我直接自暴自弃了 到底为什么啊呜呜呜呜 我只… https://t.co/iKAFEdNAka,1,0,Twitter for Android
2021-09-18 18:01:33,1439288497056059393,real89198965,落葉歸根🍁,"@HarryHo0014 晚安哈利波特！
老娘憋着就等着炸蛆，
忍无可忍无需再忍一定要找到",1,0,Twitter for Android
2021-09-18 17:53:39,1439286511124418561,BobbAcKerman,鮑伯🦉,剛剛玩哈利波特ㄌ好玩,0,0,Twitter for iPhone
2021-09-18 17:36:41,1439282239364235267,jimintaetae1995,P◟︎(๑⃙⃘⸍௰⸌๑⃙⃘)◜︎,"最近又回到很晚睡的習慣
從駕照考到之後XDDDDDDD

加上最近一直在玩哈利波特
乾有夠好玩
雖然是中國的遊戲公司😢
但還是很好玩啦XDDDD(有何關聯",0,0,Twitter for iPhone
2021-09-18 17:14:43,1439276715063185415,talkmannn,泡沫声明,"晚饭过后预计是8点
下载了“哈利波特·魔法觉醒”

哈利波特、魔戒这种我太爱了
但我觉得这游戏应该换个名字
“哈利波特·根本不想醒”

下载之后就一直玩一直玩
坐得笔直没动过
保持这个动态玩了四个小时

这游戏有毒
赶紧卸载
快跑",2,0,Twitter for iPhone
2021-09-18 17:09:17,1439275347472629766,xamomo1069,🐱,哈利波特pvp的匹配机制真的是令人作呕，每当连胜两把第三把绝对匹配的要么是连胜十几局的要么是某某市前100名。不想让复制金卡就直说么。🤮🤮🤮 https://t.co/NyJA2pwKHy,14,0,Twitter for Android
2021-09-18 17:03:17,1439273834117427206,bluecolorblock,藍色色塊,"最近哈利波特遊戲很夯
雖然我只玩了一下子就被我放置了
真的很不會玩卡牌戰鬥這種燒腦的東西啊 https://t.co/6JPDoTQCfE",4,0,Twitter Web App
2021-09-18 16:42:02,1439268487797477377,bikeisme,Benson 高端YT,"我納悶的是哈利波特居然沒什麼被抵制。
不也是中資遊戲嗎？",7,0,Twitter for iPhone
2021-09-18 16:39:53,1439267946728017929,iSCNK6mHLgkBHTG,骑漠,哈利波特玩的好下头，每时每刻都在逼着我退游 https://t.co/Bm0IEkNiZA,0,0,Twitter for Android
2021-09-18 16:28:00,1439264958269702144,Plus365orMore,耨耨⎝༼ ◕д ◕ ༽⎠,"抱歉了論文
哈利波特實在是太香了",1,0,Twitter for iPhone
2021-09-18 16:03:45,1439258851635646473,winches73r,Cas71el,"#哈利波特 1～8 我用阿里云盘分享了「哈利波特1～8」，你可以不限速下载🚀
复制这段内容打开「阿里云盘」App 即可获取
链接: https://t.co/y8q8kmJb4q https://t.co/Zv5GdGYdem",0,0,Twitter for iPhone
2021-09-18 15:52:44,1439256081675530242,Fallnluv_,Hjsbnxhe-🐰,"又重温了哈利波特 真的好能哭 我看到多比死了 瞬间哭了 
全世界第一爱哭 本人 靠
哈利波特真好看",2,0,Twitter for iPhone
2021-09-18 15:02:55,1439243543499923457,HarryHo0014,HarryHo,@real89198965 什么转变？分身哈利波特转变成落叶归根了？,0,0,Twitter Web App
2021-09-18 15:02:39,1439243477544419328,___RVLbb801,Hi_Spoon🥄,"哈利波特的世界 進去就出不來了🤣
好好玩",5,0,Twitter for Android
2021-09-18 14:59:48,1439242759982837763,real89198965,落葉歸根🍁,"@HarryHo0014 原来我在这冒犯哈利波特呀！
嘻嘻嘻嘻嘻嘻！",1,0,Twitter for Android
2021-09-18 14:59:11,1439242604021903368,vJnufd3A4OpNR7D,一只勤劳的小喵咪,今天看了两部哈利波特。,0,0,Twitter for iPhone
2021-09-18 14:56:11,1439241849479204867,real89198965,落葉歸根🍁,"@HarryHo0014 那天还得和你说一声抱歉呢！
无意冒犯…
俺这种傻逼不适合拍照发推…哎…
谢谢哈利波特！",1,0,Twitter for Android
2021-09-18 14:33:08,1439236048391868417,Jummy_001,赤ひかる,"………三季了，怎么性爱自修室有uniform了😅
看到这个就不想看了……
拜托，又不是哈利波特，这种电视剧要什么uniform",0,0,Twitter for Android
2021-09-18 14:28:03,1439234768994852874,fifh007,Leo.小太阳,有玩哈利波特的吗？私我加好友 一起做日常,2,0,Twitter for iPhone
2021-09-18 14:13:09,1439231020193107974,ruya57516604,𝓘🦖,哈利波特🤔你是哪一學院呢,7,0,Twitter for iPhone
2021-09-18 14:07:45,1439229661523824640,weiweichen0917,🤪地方上的叔叔🤪,@yoan8037 還不錯，因為是魔法世界所有玩法很多樣，有攻略森林，還有玩家巫師對戰，學院舞會（節奏遊戲），跟問答（跟哈利波特系列的內容），占卜學……等等,0,0,Twitter for Android
2021-09-18 14:07:14,1439229531676504073,Wen_JYUE,紊胤/腳滑龍騎,噢那個什麼ㄝ 我的哈利波特OC https://t.co/mvvZWyTN6G,5,0,Twitter for Android
2021-09-18 13:45:29,1439224058558566404,yKyHC6J0Cuz34e9,在日狼君,@DongDongYuanY 环球影城之哈利波特 现场还见到你…,0,0,Twitter for iPhone
2021-09-18 13:27:22,1439219499668963336,ztybuzzzz,梅友 潛,哈利波特廣告再出來我就要去玩ㄌ哦（警告,1,0,Twitter for Android
2021-09-18 13:14:29,1439216257677496320,lcMkZZ4XuVevUQI,悠🎵,哈利波特魔法覺醒好好玩……很多樣化欸 喜歡,0,0,Twitter for Android
2021-09-18 13:02:10,1439213156841177090,_yuhsuan,Chen,"""74【自由潜水】开学季，聊聊我们的哈利·波特阅读史 - 跳岛FM"" ( https://t.co/SuaNMSQL9u )",0,0,twitthat
2021-09-18 12:43:07,1439208363619848196,Dkuzb1,堤,哈利波特真的好好看(又在重溫,0,0,Twitter Web App
2021-09-18 12:00:16,1439197578373959689,731diary,731,@beaverblabla 哈利波特嗎,0,0,Twitter for iPhone
2021-09-18 11:49:21,1439194830131761158,3TANG_doki,全米唐,同性戀必經哈利波特paro（不要亂講,0,0,Twitter for Android
2021-09-18 11:30:20,1439190044091162626,aohideyuki0310,秀幸 hideyuki Vtuber聲音企劃進行中,"最近蠻沉迷哈利波特手遊的🤭❤️✨
系統預設頭貼沒有綠頭髮😔
本來想說要跟官方反應一下
後來發現可以自己上傳照片🧐
立馬畫了一張👀
是不是很沒有違和感呀😁
很像官方的對吧😎
（快誇我快誇我！！！）
另外宣傳一下我們社團缺人🤗✨
歡迎… https://t.co/nrNaWiLcC0",1,0,Twitter for Android
2021-09-18 11:29:17,1439189783675162626,mctalkpe,Man-cheong,遊戲收緊審批內容8月曾打回頭，預防未成年成癮喪屍BL主題懸了 (彭博，審查，哈利波特魔法覺醒，敏感詞，網易，騰訊，耽美，廣電總局，國家新聞出版總署，主題，張藝謀，娛樂圈，電影) 文昌講政經 https://t.co/3xWEN2FBtn,0,0,TwitPanePlus
2021-09-18 10:35:20,1439176204347600896,SakamotoRyu325,Sakamoto Ryu,"Really want to cosplay #HarryPotter in Universal Studio again😭Especially Orlando’s🥺
最近在玩哈利波特魔法覺醒，每次打開遊戲都好懷念去環球的時候
這… https://t.co/HPREgfTtZX",2,0,Twitter for iPhone
2021-09-18 10:29:10,1439174652417298432,80bQMnDlpBWtegk,小溪上的浮蕊,Marchen Awakens Romance{魔宠传奇}Fire 哈利波特主题Game+元宇宙+NFT，将会带领全世界哈利波特，魔法学院的支持者们一起在霍格沃兹魔法学院冒险！！ GameFi：游戏收益产出、NFT卡牌质押 加入我… https://t.co/P1yxFsPQFe,1,0,Twitter Web App
2021-09-18 10:23:23,1439173197618814987,Dkuzb1,堤,"各位 哈利波特可以把施咒語的語音改成自己ㄉ聲音
可以讓對方笑場

我笑到肚子超痛 https://t.co/YLM8JWTlC7",1,0,Twitter for iPhone
2021-09-18 10:12:09,1439170368711770121,BigSeafoodSnack,大海鲜饭小吃摊,@BlockchainDidIt 哈利波特么？,0,0,Twitter for iPhone
2021-09-18 10:04:25,1439168423146123264,VIPphoebe,물고기🌷,"玩了一整天的魔法覺醒

好愛魔法世界❤️",0,0,Twitter for iPhone
2021-09-18 09:53:29,1439165674895466496,ZhiNian_s,只念_,@Miko_sy99 我不玩哈利波特和第五，就光遇我也没少氪，今年往里扔了两三千了吧,0,0,Twitter for iPhone
2021-09-18 09:49:46,1439164738131402753,Miko_sy99,帕格巫巫,@ZhiNian_s 我现在哈利波特，光遇，第五三个游戏一起氪金，我快疯了,1,0,Twitter for Android
2021-09-18 09:31:14,1439160075516481548,Dkuzb1,堤,"《哈利波特·学院印象曲系列》霍格沃兹 https://t.co/Y1tSR9CrnV 來自 @YouTube

這個好厲害 裡面畫的都是魔法覺醒的角色ㄟ 應該是內測時做的，好新

又是被赫夫帕夫可愛到起雞皮疙瘩的一天🌞",0,0,Twitter for iPhone
2021-09-18 09:31:01,1439160018813612037,izakiyen,皮卡男孩,"鬱金香朋友應該是在說哈利波特手遊吧？不知道他最近到底是有什麼毛病，之前在那邊笑高端，我才覺得他看抖音看到被統戰了

好想說些什麼酸到他沒辦法回嘴 https://t.co/VJuBzZbTmN",8,0,Twitter for iPhone
2021-09-18 09:27:39,1439159172558307331,little_egg__,最美的那顆蛋就是美蛋,@Emilia_HuaHua 窩哈利波特看完了 現在在追怪獸第二集,1,0,Twitter for iPhone
2021-09-18 09:25:31,1439158634655539202,KimWah0210,🅺🅸🅼🆆🅰🅷 錦華🧸,哈利波特手游148元礼盒被指虚假宣传，官方致歉：对已购买的玩家进行补偿。 https://t.co/4wvEBfDnFV,1,0,Twitter for Android
2021-09-18 09:21:51,1439157713594839046,Wanting64907875,juju,@yan8in_ 哈利波特好耗電,0,0,Twitter for Android
2021-09-18 09:18:04,1439156760036605956,Emilia_HuaHua,HuaHua,@little_egg__ 窩在看哈利波特第四集,0,0,Twitter Web App
2021-09-18 09:15:34,1439156130148724741,Danika28248123,想带你去看灿烂银河,@z17368 躲过了王者荣耀，躲过了光遇，竟然没有躲过哈利波特！,0,0,Twitter for Android
2021-09-18 09:15:22,1439156081947598854,Dkuzb1,堤,網飛沒有哈利波特真的很不方便…..☹️☹️😢,0,0,Twitter for iPhone
2021-09-18 08:59:11,1439152007013703683,MikeDin2050,丁家慶,@eballgogogo 蘇哈利波特確實該下台了，時間都記不清楚。,1,0,Twitter for Android
2021-09-18 08:52:16,1439150267585470472,sQqg8gRKC2rf6Bu,分享生活，留住感动,Marchen Awakens Romance{魔宠传奇}Fire 哈利波特主题Game+元宇宙+NFT，将会带领全世界哈利波特，魔法学院的支持者们一起在霍格沃兹魔法学院冒险！！ GameFi：游戏收益产出、NFT卡牌质押 加入我… https://t.co/AnOYXgSFR5,1,0,Twitter Web App
2021-09-18 07:48:15,1439134158563856385,Asparagusluice,津津嚕筍汁,哈利波特我真的玩不下去了，實在太複雜了，雖然美術方面真的很優秀🥺,1,0,Twitter for iPhone
2021-09-18 07:36:52,1439131290796650501,little_egg__,最美的那顆蛋就是美蛋,"因為玩了哈利波特手遊
很多卡牌有怪獸與牠們的產地的怪獸
於是花了點時間來看
發現這部真的特好看
一點也不輸哈利波特
再找時間看第二集 https://t.co/MIGkHGMxmt",14,0,Twitter for iPhone
2021-09-18 07:22:33,1439127690351570950,JohnnyLin1203,Johnny Lin,哈利波特好玩嗎( ･᷄ὢ･᷅ ),0,0,Twitter for iPhone
2021-09-18 07:08:31,1439124156767891459,MissHu53525975,王 珍,"其實，
連哈利波特都有了，
雖然，
現況不容許！",1,0,Twitter for Android
2021-09-18 06:42:28,1439117603356614658,ownui,永酉呢,"@IkNhaya 疫情前：顏色多款式多樣還有蕾絲款
疫情後：出更多款式，聯名更多(哈利波特、金馬影展、奧運)",1,0,Twitter for Android
2021-09-18 06:02:16,1439107484652736512,Ming53480099,Ming,Marchen Awakens Romance{魔宠传奇}Fire 哈利波特主题Game+元宇宙+NFT，将会带领全世界哈利波特，魔法学院的支持者们一起在霍格沃兹魔法学院冒险！！ GameFi：游戏收益产出、NFT卡牌质押 加入我… https://t.co/2GVrbiaIMh,2,0,Twitter Web App
2021-09-18 05:52:50,1439105113323311106,mmrwrong,刀克忒·林,被年轻人看着打会哈利波特 。发现给的卡牌一张都没领。发现都没升级。难怪打不过🙃,0,0,Twitter for iPhone
2021-09-18 05:48:43,1439104074465513478,RuiZ1908,Rui1908,这要是哈利波特的不得整起飞了？ https://t.co/n8ZOazXRTU,1,0,Twitter for iPhone
2021-09-18 05:38:03,1439101390635241472,mieowku,黑糖糕,@tyuisna_ 我一天有1/3時間都在哈利波特,0,0,Twitter for iPhone
2021-09-18 04:51:46,1439089744986599424,jypbob_diary,有機食堂觀察日記📚,哈利波特根本時間小偷 遊戲只要打開就是一小時不見,5,0,Twitter Web App
2021-09-18 04:46:42,1439088467032494083,1010hzw,🐊鮮奶綠常所需,邊吃飯邊看哈利波特 吃完我要倒頭就睡....起來再看要忙什麼 晚上開會....,0,0,Twitter Web App
2021-09-18 04:43:58,1439087778520715267,Laura19190444,Laura,哈利波特那個手遊的美術設計好漂亮！！！連不怎麼玩遊戲的ㄖㄐ都去玩了還說很好玩wwww,0,0,Twitter for Android
2021-09-18 04:15:04,1439080508424556545,ZU7cRlnNvhKIVdh,我今天讀書了嗎📖,@pheleebay 可以的！分别是死亡幻觉、怪物史瑞克、天使爱美丽、哈利波特与魔法石和儿子的房间。这个清单源自油管频道Tin Straat（https://t.co/WAJF41XmrO），我的老师只是评论而已，里面还有其他年份的电影总结～,1,0,Twitter for iPhone
2021-09-18 04:13:09,1439080024972222465,lily08990838,燼,"最近偷偷在锤哈利波特手游！
跳舞很难！锤禁林也很难😔 https://t.co/YXzUqscjRA",1,0,Twitter for iPhone
2021-09-18 04:02:10,1439077261274062848,Ahchien0614,阿謙,"@Shi_yexiao 就是一個哈利波特的手機遊戲（？
遊戲方式還蠻多元的🥺",1,0,Twitter for iPhone
2021-09-18 02:49:25,1439058952642121731,zz_pi_ch,檸檸子,"簡:德拉科.馬爾福
繁:跩哥.馬份

所以綴歌到底是誰?????我沒辦法和新生代的小朋友對話了...
生長在哈利波特+宮崎駿時代的兒童表示:請勿毀壞我們美好的童年。
這是只屬於我們的年代,去玩你們的米奇妙妙屋和Dora歐膩好嗎",0,0,Twitter for Android
2021-09-18 01:58:24,1439046115039449090,BoxOfficeMovi16,BoxOfficeMovieWeb,I just published TRUE THE GAME 3 (2021) 完整电影浪漫、惊悚 — 马利克·巴恩哈特、斯塔莱塔·杜波依斯、奥马尔·古丁 [𝐇𝐃] https://t.co/F6oYtty0TM https://t.co/VAzgIQ9rod,0,0,Twitter Web App
2021-09-18 01:51:17,1439044323601903617,Hakuryu_1998,Mimi Chan ୧(๑•̀⌄•́๑)૭,當時不懂哈利波特那款遊戲有什麼好玩的，結果看大家都玩，看到內容物後也好想玩 牙白,0,0,Twitter for Android
2021-09-18 00:47:22,1439028239851130880,AquaCream,Ｓ．,每天疯狂哈利波特，果然还是有情怀的,0,0,Twitter Web App
2021-09-18 00:41:52,1439026855244283904,Y9uzmStRCvsESsw,嚣张的泰迪（有fo必回）,@gmdl23333 哈利波特烦恼,9,0,Twitter Web App
2021-09-18 00:20:26,1439021462128521219,Santorini_6371,New age(淡推科研),哈利波特烦恼 https://t.co/DsAIGXLJju,3,0,Twitter for Android
2021-09-18 00:03:59,1439017322253930499,cocolip0526,水母表弟,哭啊看完哈利波特ㄌ.....彷彿第一次看,0,0,Twitter for Android
2021-09-18 00:00:14,1439016378229354496,AgnesC0127,AgnesC,第二個夢很奇怪，我好像在去一個特殊的學校的路上？周圍有很多其他的好像也是去報導的學生，有點像哈利波特那種特別學校？？不記得是什麼學校了，好像和神學有關，然後我看見自己坐的不知道是火車還是巴士，開過了一個門半開著的地方，然後我不記得… https://t.co/AVJEGXIC4k,0,0,Twitter for iPhone
2021-09-17 20:44:15,1438967057186373635,roku0329,ろく,"哈利波特是黑毛眼镜仔，但是我整部作品里面喜欢的却不是他。
为什么呢？因为他戴的是圆眼镜！！！！
no！我不接受！！",1,0,Twitter for iPhone
2021-09-17 20:27:09,1438962753633456131,xxsiong,春城秋山,玩哈利波特后，今天是我睡得最早的一天。现在时间23:27,0,0,Twitter for iPad
2021-09-17 19:14:42,1438944518217158663,shuuuuazi,shuuuuazi,哈利波特手游 气得我打错字,0,0,Twitter for iPhone
2021-09-17 19:00:40,1438940988823670785,shuuuuazi,shuuuuazi,"我一直没有认清我是个终极非酋的事实直到玩哈利波特手续
氪了两百块来抽卡就一张金卡（满40送的）这合理吗🙂",0,0,Twitter for iPhone
2021-09-17 18:48:10,1438937842701398016,qiuchanjiang,秋潺酱今天做课题了吗,"哈利波特双打为了等牛牛我几乎没怎么打过
刚才带他打真的是在虐菜
就是我架个盾 让牛牛呆在盾里别动
然后我自己出去一个打两个
就赢了",3,0,Twitter for iPhone
2021-09-17 18:44:32,1438936929039437831,ariel_smile_,Ariel,"哈利波特au
感覺金碩珍會在上符咒學的時候
很嚴肅的拿著魔法棒對閔玧其用超快的速度念一句咒語
然後在閔玧其耳邊問
🐹：你知道我剛剛念了什麼咒嗎？
🐱：我怎麼知道？？？
🐹：你不知道？？？我也不知道欸？？？
🐱：幹？？？？？",1,0,Twitter for iPhone
2021-09-17 18:22:14,1438931314472718337,dingdin123,阿癡癡,哈利波特 一款魔法音GAME遊戲,0,0,Twitter Web App
2021-09-17 18:20:22,1438930848062050306,yunkilinan,yunkk,收个哈利波特奴 帮我打宝箱 我老想不起来呜呜呜呜箱子都浪费了学年任务也没做社团活动也没做   （其实是想找老婆）,2,0,Twitter for Android
2021-09-17 17:37:27,1438920047523610631,ZorroDemonio_Fu,妖🦊涂山服服,@gmdl23333 哈利波特西弗勒斯·沈腾·斯内普,18,2,Twitter for Android
2021-09-17 17:36:23,1438919777821642752,usnnd5,Maohuyu,"最近沉迷哈利波特
无心拍色图",2,0,Twitter for Android
2021-09-17 17:35:43,1438919610841976832,sleepiiie,丸子,我觉得哈利波特还是蛮好玩的，在我空虚难过的时候可以麻痹一下自己…,3,0,Twitter for Android
2021-09-17 17:25:25,1438917016371425286,xxhollic,姓名可以为空,所以哈利波特X斯内普的CP缩写叫啥🤧我现在嗑得想死，就是很想看斯内普狠狠地被压就是说，水懂🤧🤧🤧🤧水懂！,1,0,Twitter for Android
2021-09-17 17:21:27,1438916017724346378,meme_shinkansen,母湯士小火車,"有沒有推薦的哈利波特社團可以參加
求收留🥺🥺🥺",17,0,Twitter for iPhone
2021-09-17 17:05:49,1438912083983142914,dO4AcEVvMo41P8p,pc9527,Marchen Awakens Romance{魔宠传奇}Fire 哈利波特主题Game+元宇宙+NFT，将会带领全世界哈利波特，魔法学院的支持者们一起在霍格沃兹魔法学院冒险！！ GameFi：游戏收益产出、NFT卡牌质押 加入我… https://t.co/6Ge9KkVUl7,0,0,Twitter for iPhone
2021-09-17 16:59:47,1438910567352127489,doooooooonuts,我叫DONUTS💚是个猫头姐姐,"本来约了哈利波特那个手游的，但是实在是游戏装多了没得空间，但看网友都在骂，反而越来越在意了怎么回事。
不过来古弥新快上线了，我还是忍一忍吧。",0,0,Twitter Web App
2021-09-17 16:51:29,1438908479830323208,bobyan97539766,Diet coke,"9.17
呃呃呃呃，玩哈利波特磕了好多，好后悔，刹不住车了。明天打算去取书回来了，收收心吧。",0,0,Twitter for Android
2021-09-17 16:48:04,1438907617259130884,sleepiiie,丸子,有人玩哈利波特吗，我今天一共拿了五张金卡！早上刷剧情拿了一张（阿瓦达），晚上写作业中途抽了三张（两张凤凰，一张水牢，但水牢我之前就有了），作业写完了又抽到一张厉火（一直想要的卡！！）。现在还差一张石墩我卡牌就集满了。一分钱没氪，今… https://t.co/MRGd8uSvgO,7,0,Twitter for Android
2021-09-17 16:47:29,1438907472505237511,real89198965,落葉歸根🍁,"@jane1929 这个太长啦！
嘻嘻嘻
不如说：老女人是哈利波特或者小强大哥分身账号或者也可能是哈利波特是小强大哥或者老女人分身账号
行了…
不说了
太长了…俺也记不住",0,0,Twitter for Android
2021-09-17 16:47:04,1438907366771027972,for1168,小魚,做好時間管理，顧好哈利波特也要顧好楓之谷 等9點社團開始之前 趕快練等（不是 https://t.co/ymCGFKHjcz,0,0,Twitter for iPhone
2021-09-17 16:39:12,1438905388334665728,real89198965,落葉歸根🍁,"@jane1929 俺推没人看得。
除了大哥就只有哈利波特和老女人会看。
老女人有可能是哈利波特分身账号，哈利波特有可能是😭😭😭😭
算了不说了。
说多了全是眼泪",0,0,Twitter for Android
2021-09-17 16:38:55,1438905313961250816,aka_sama218,里長님🍊รวิ,玩哈利波特玩上癮,0,0,Twitter for iPhone
2021-09-17 16:31:48,1438903522691411970,neverlove2018,叼著貓的魚,"看最近排行榜排名最高的
就是哈利波特的遊戲了
可是我還挺猶豫要選什麼的
有人有好的推薦嗎
在線等
#我是魚魚
#魚魚如此貪玩 https://t.co/Ve09sI66Fh",6,0,Twitter for iPhone
2021-09-17 16:20:43,1438900734951448576,babychi_95z,ㄒㄒ🥮,"這幾天我一定要產圖啦
但哈利波特好好玩……",1,0,Twitter for iPhone
2021-09-17 16:08:42,1438897713072852994,a_inogetsu,祈玥 Akai Inogetsu,[哈利波特 魔法覺醒] EP05 速速前傳說卡 渾拚柳打法分享 https://t.co/UWJDqqSFXg via @YouTube,0,0,Twitter Web App
2021-09-17 16:00:55,1438895754651652097,connnie_wan,the 錐 who lived,"應該要開一個伺服器叫阿茲卡班（
畢竟已經是哈利波特：黑魔法覺醒了",56,0,Twitter for iPhone
2021-09-17 16:00:41,1438895692064309252,eason1305,Eason Wu,"六部曲，想像一下哈利波特七本小說都拍成八部電影了，沙丘如果要把故事說完大概也是要個七部電影，七部電影都足夠讓一個人從小學生變成大學生了

拉到這個高度去看，就會覺得今天看的只是開場，連鋪陳故事背景都很勉強的在分出時間去講世界觀與設定，用在角色刻畫的比例也同樣逼近底線",7,0,Twitter Web App
2021-09-17 15:51:21,1438893346341019655,vJnufd3A4OpNR7D,一只勤劳的小喵咪,明天看哈利波特第三部。等全部看完，再开弹幕看一遍。,1,0,Twitter for iPhone
2021-09-17 15:34:14,1438889039491264518,Wu_yan_sheng,武言圣,画只猫和它合奏哈利波特主题曲？ https://t.co/oYEpobtTiU,0,0,Twitter for iPhone
2021-09-17 15:25:11,1438886761908686854,Lin33474753,NP,@helloidiot_87 可以一起看哈利波特解決😉,0,0,Twitter for iPhone
2021-09-17 15:21:11,1438885752725651461,perh_zhzh,Baek_mnikitam_zh,"#백현아오늘은 D-506
最近喜欢玩哈利波特！还挺好的哈哈哈 只不过我什么都打不过去 难过 不过我相信肯定很快我就可以很厉害啦！！ 今天你的pp夹到了 给你看一看 超级可爱！！@B_hundred_Hyun 今天也很想你 爱你… https://t.co/3XfebZSjp4",0,0,Twitter for iPhone
2021-09-17 15:11:23,1438883288660123651,Niki_A3A,ʕ ' Ⱉ ' ⠕ʔ ♡,"把哈利波特全系列看完了⋯好好看⋯
要來重刷1-3集⋯",3,0,Twitter for iPhone
2021-09-17 14:53:58,1438878902789689344,Kurenaikiyumi,紅弧,不发疯了，我要去鉴赏哈利波特了……！,0,0,Twitter Web App
2021-09-17 14:42:23,1438875990537740292,Hanzhaohaozz,Hazhahoo,"Marchen Awakens Romance{魔宠传奇}
哈利波特主题Game+元宇宙+NFT，将会带领全世界哈利波特，魔法学院的支持者们一起在霍格沃兹魔法学院冒险！！！

代币信息：Marchen Awakens Romanc… https://t.co/YKIPbbvx7G",1,0,Twitter Web App
2021-09-17 14:39:29,1438875258291777545,appleDaxia,苹果大侠,@macowjacky 网易的手游 哈利波特主题,0,0,Fenix 2
2021-09-17 14:16:48,1438869550427095050,gwenstacy32437,GwenStacy,"@Jiminr316 @cha_office 
第一學年最後一關用這招 我終於打過了😆😆😆

【哈利波特魔法覺醒】學年挑戰章節17超簡易攻略｜這套牌直接站樁尻到過關｜堯哥Yao https://t.co/WpWneAUlAP 來自 @YouTube",3,0,Twitter Web App
2021-09-17 14:15:30,1438869223489486853,HraWcavcrjz0P8Q,isefet,"最近国内的哈利波特手游上线了所以想了很多HP设定的IM大家。
但因为图力太低画力有限所以好难把脑洞画出来。【……难过的😔】",0,0,Twitter for Android
2021-09-17 14:06:18,1438866906446909447,tyolivia716,tyolivia716🐰🐻,"Noze開直播嗎🥲
玩哈利波特開勿擾沒收到通知啦😭",2,0,Twitter for iPhone
2021-09-17 13:54:30,1438863940029583363,YutinG_1017,矮鵝_南極的爆肝預備精靈,我的哈利波特真的玩得好雷，超級對不起我朋友ㅋㅋㅋㅋㅋㅋㅋㅋㅋㅋㅋㅋㅋ,0,0,Twitter for iPhone
2021-09-17 12:54:00,1438848714680909825,IdentiKhloe,ChecKhloe The Meaning,不要在深夜去哈利波特决斗，会变得不幸,0,0,Twitter for iPhone
2021-09-17 12:20:27,1438840268946509835,20099jenny,selachimorpha,@yannno137 哈利波特嗎！可以加好友嗎！,0,0,Twitter for iPhone
2021-09-17 12:20:15,1438840222100324352,Kimura54792017,星野,問下，哈利波特應該去雷文克勞還是葛萊芬多，當然也考慮赫夫帕夫,0,0,Twitter for Android
2021-09-17 12:07:35,1438837032625721353,jennyygj,🎮Jenny🐹ねむい🥛,"（光遇）
在遇境聽到有人在練習怎麼彈黑人抬棺材和哈利波特迷因的音樂，實在優秀！",7,0,Twitter for iPhone
2021-09-17 12:02:55,1438835857046257664,Zimusho0,子木,有人玩哈利波特吗能带我打蜘蛛的那种(◉ω◉ ) https://t.co/b9b8sgFaa8,0,0,Twitter Web App
2021-09-17 12:00:29,1438835246196158469,shiqiyu329,sarrra.🦁️,好想去英国啊（今天晚饭的时候爸妈提了12月去英国，不知道是不是真的呢）他们说话老是只有开头。好想见米粒，好想一起吃蛋糕喝咖啡，一起去看bigben，一起去哈利波特studio，一起看星星，一起把这几年的点点滴滴都讲给你听。好想老舅… https://t.co/3rlAuxlKp4,0,0,Twitter for iPhone
2021-09-17 11:46:00,1438831599957667845,small_liang,Zhen Liang Dai/0828高端仔,"身為一個台派終於被祖了,感到驕傲.
雖然只有24個小時,但以後會更努力辱華的.🎉🎉🎉🎉🎉

不過昨天罵哈利波特的那篇文章竟然沒事還真讓人有點失望..... https://t.co/H1AJ8sZXe8",3,0,Twitter for Android
2021-09-17 11:41:59,1438830591776944132,jinglin83696490,040913,从eric开始听成哈利波特...,0,0,Twitter for Android
2021-09-17 11:39:18,1438829912849141767,TaungooEng,Taungooeng,噢噢噢噢噢噢噢噢噢噢噢噢噢噢噢！我才发现哈利波特Vernon姨的扮演者是Sex Education 里面Otis的妈妈 我去 好刺激 我一直都没看出来啊 她是怎么把和谐友爱温暖无助卑鄙每一个角色的点演的这么带入啊！！！！,1,0,Twitter for iPhone
2021-09-17 11:29:55,1438827552554975236,1997_10_13,min_shihshih,"被哈利波特給魔怔了
玻璃獸好可愛
#哈利波特魔法覺醒 
#HarryPotter https://t.co/eicwTuD4f1",0,0,Twitter for iPhone
2021-09-17 11:07:04,1438821803644706827,bo2watergiant,劍潭水怪,"大家最近都在玩哈利波特（？
我沒玩但開學前好想喝奶油啤酒🥺🥺🥺",17,0,Twitter for iPhone
2021-09-17 11:00:11,1438820069920763907,sujim_779,💜mochi💜,"突然覺得我最近運氣好像不錯
通識應該算選到蠻好的 害我不知道要不要兩門都修(´⊙ω⊙`) 
然後哈利波特抽到滿多金卡(但我其實不太會用😳
所以我的dvd是不是也會抽到朴智旻filter小卡啦 祈禱🥺🥺🥺",1,0,Twitter for Android
2021-09-17 10:53:00,1438818262540701699,Taimeow_0206,かみつく(ฅ•̀ㅁ•́ฅ),"請問有推友的魔法覺醒社團可以加嗎
🥺

也希望能++好友",1,0,Twitter for Android
2021-09-17 10:48:22,1438817096008302593,kingof8059,欣西雅,@DUO633 同感🤣時間都被哈利波特吃掉了,1,0,Twitter for iPhone
2021-09-17 10:34:40,1438813651020832770,RemnantZzz,眠羊的树洞,"最近沉迷猪场的哈利波特新游, 都没有摸鱼.._(:з」∠)_ 不过玩的时候就在想, 柑南肯定是蛇院的吧, 刈稻这么接地气应该是獾獾吧, 颜色还是黄, 非常ok!",0,0,Twitter Web App
2021-09-17 10:33:02,1438813236875251719,Ahchien0614,阿謙,"最近蠻沈迷哈利波特手遊ㄉ所以畫一張我自己(?
有沒有人也有玩，我們做ㄍ朋友（好正式） https://t.co/bNO9RMMomW",50,0,Twitter Web App
2021-09-17 10:24:04,1438810979865821186,yaohai1003,王铁汉@99岁带癌打魁地奇,"话说，魁地奇的那三个投球框的分是一样的吗？
我投球时，都是第一眼先看到最小的那个框，所以没投过中间的那个大框😂
感觉这个游戏在我这里，应该改名叫《哈利波特：魁地奇觉醒》😂
#哈利波特魔法觉醒",0,0,Twitter for Android
2021-09-17 09:27:13,1438796676223750145,adelieyugo,阿德利．悠果🐧🦐南極心結迫害系Vtuber,@Hama__Guri 蛤蠣老師畫的哈利波特二創好讚！！,1,0,Twitter for iPhone
2021-09-17 09:10:20,1438792424852103176,shiqiyu329,sarrra.🦁️,"最近再次陷入draco and harry了（被邓安利了哈利波特的游戏）
但是！游戏真的好好玩，draco好好看，harry的眼睛也是。突然感觉穿越回了高中。那时候还和jen去cw图书馆找了哈利波特百科全书，就为了找draco的照… https://t.co/QAH03no9Wy",0,0,Twitter for iPhone
2021-09-17 09:01:41,1438790247379136513,foreverskyone,斯盖丸,@waylybaye 最近刚出的哈利波特不是评分挺高的吗。。？,0,0,Twitter Web App
2021-09-17 09:00:17,1438789895544197127,1253161304,ffrtj,@waylybaye 之前网易就出过哈利波特的手游，太无聊，半小时卸载。其他就玩过游戏王，真是又肝又氪。,0,0,Twitter for iPhone
2021-09-17 08:57:31,1438789201965699074,yan_cate_,麻辣肥羊,哈利波特更新 如果索命咒用多了會被遊戲強制分到阿茲卡班 一段時間才能出來.,8,0,Twitter for Android
2021-09-17 08:48:00,1438786806888099843,yunzq2,阿期,"昨天随手看了哈利波特电影的解析
突然觉得这也太好看了吧！
就很想找个时间看一下
因为我是书党所以我一部完整电影都没看过
又因为看的时候年纪太小了
所以啥也没记得",5,0,Twitter for Android
2021-09-17 08:41:57,1438785281897893889,syza_mj_jhs218,莫嘰,@linkk97_ 哈利波特嗎🤣你打到哪了！,0,0,Twitter for iPhone
2021-09-17 08:31:30,1438782654610956289,MemeDEmperor1,Meme.D.Emperor👾🎨🌿,"@airaniiofifteen 【CN】
我有时真的分不清甘道夫（魔戒）和邓布利多（哈利波特）的区别",7,0,Twitter for Android
2021-09-17 07:55:15,1438773530938671106,AphUnbrallaboom,雨傘屁屁,"就拿最近的舉例就好了

第五人格公司製作的哈利波特遊戲前幾天才被爆出來需要身分證、紀錄聲紋才能登入，但還是一堆人覺得無所謂

對年輕人有信心？
我自己年輕人都對年輕人沒信心了 https://t.co/tcDRg5PgAR",2,0,Twitter for iPhone
2021-09-17 07:51:08,1438772492747751431,Kgon05,Gon 剛,#請問 為什麼哈利波特不能更新？,0,0,Twitter for iPhone
2021-09-17 07:48:20,1438771788767383552,YTYDawn39,兇猛動物區裡的夜班放映師📽,"當大家都在玩哈利波特的時候
（它是中國代理的哦",0,0,Twitter for iPhone
2021-09-17 07:40:23,1438769789686534154,iamyourliker,苏沐,@99bobopop66 这是哈利波特 魔法觉醒吗,1,0,Twitter for iPhone
2021-09-17 07:18:53,1438764376874373124,Alex_or_Alice,亞歷or愛莉,"@MirrorRoyal 所以哈利王子不姓波特準備當老婆背後的男人了？
你認真嗎？
你認真嗎？
你認真嗎？",0,0,Twitter Web App
2021-09-17 07:14:32,1438763282572009473,ReShui_M,ReShui_M,@AInemukunai 吼吼看！想去看哈利波特了 没看过 感觉全网都看过🥲,1,0,Twitter for iPhone
2021-09-17 06:37:16,1438753904850706435,211314,catfish（二大叔）,附带一提，昨天在开封菜吃饭，听到一桌吃饭的小孩儿聊游戏，就认为哈利波特的游戏是在蹭最近环球影城开业的热点。（原来小孩子是这样看的,0,0,Twitterrific for iOS
2021-09-17 06:08:31,1438746669185572865,Dongdon35896570,Dongdongdong,Marchen Awakens Romance{魔宠传奇}Fire 哈利波特主题Game+元宇宙+NFT，将会带领全世界哈利波特，魔法学院的支持者们一起在霍格沃兹魔法学院冒险！！ GameFi：游戏收益产出、NFT卡牌质押 加入我… https://t.co/YhkSkx00wh,1,0,Twitter Web App
2021-09-17 06:03:31,1438745412655935493,ifww,嵐,哈利波特从书开始到游戏割的都是同一茬韭菜,0,1,Twitter for iPhone
2021-09-17 06:00:41,1438744697451671554,grace_gogogo,惜因,算了，反正噗浪看似極綠，玩hp魔法覺醒的人還不是一堆，笑die^^（扯遠了）,0,0,Twitter for Android
2021-09-17 05:58:45,1438744211738673160,TINZI0112,亭子🍎極度忙忙,"@Ellenakaha Paro我也不知道怎麼解釋ㄟ
就 把既有角色投入到其他世界觀中ㄅ
還有hp（哈利波特）paro之類的這種",1,0,Twitter for Android
2021-09-17 05:57:30,1438743898600329228,R_Bie_,( ᐛ ),哈利波特的…魔法卡決鬥太好玩了吧🥲(幹還醒著……,3,0,Twitter for Android
2021-09-17 05:41:53,1438739969896431623,edisonvsemma,谦觉,@take_fumi6 唉，我跟你说，就这件事，给我留下了不可磨灭的阴影。后来看到哈利波特的书籍，我就会想起那件伤心事😂😂,1,0,Twitter for Android
2021-09-17 05:25:21,1438735805724315653,JUXING_waaa,橘星,"哈利波特廣告⋯也路過拍一下⋯
Hufflepuff⋯剛好是自己被分的學院
我蠻喜歡分類帽自動分類的
但是準到有點想小小的嫌棄一下⋯⋯ https://t.co/by8s4Pn51d",3,0,Twitter for iPhone
2021-09-17 05:17:31,1438733837035393027,zhouchouzhou,zhouchouzhou,猪场哈利波特还挺好玩，批瘾都被压下去了，想去洗jio顺便看哈利波特了，有没有妹陀约一下 #长沙,0,0,Twitter for Android
2021-09-17 05:14:18,1438733024724619264,OXr0cwXsBQDsVgS,鲸蛰,哈哈哈哈哈这个伏地魔怎么这么好笑#哈利波特 https://t.co/M17F4JC6WN,0,0,Twitter for Android
2021-09-17 04:59:11,1438729222223130630,max01314,高端💉💉Atoka🎶,@teamastertaiwan 我看了好幾年的蜘蛛人，所以我也會噴蜘蛛絲，我看了好幾年的哈利波特，所以我也會使用魔法~如果會我第一個把藍白粉共產黨全部變不見🤣🤣🤣,13,0,Twitter for Android
2021-09-17 04:49:09,1438726698388832256,SEFATUBA3,币圈老司机,"哈利波特手游，我下载玩了一周就卸载了

说实话挺好玩的，但是充钱的地方太多了，恶心人 https://t.co/UX1K0FE36G",0,0,Twitter for Android
2021-09-17 04:41:55,1438724875699503112,PassionTimes,PassionTimes 熱血時報,"《國立大台》
第1403集：七叔笑談《戀愛不是請客吃飯》 浪漫轟烈 戀愛一萬年太慢 / AKB橫山由依畢業：肯試才有出路 / 戀泥星期四：Kristin Burgham突出的分模線 / 《哈利波特:魔法覺醒》被揭網易出品，呼籲杯葛… https://t.co/IOcQ6i5e85",0,0,Buffer
2021-09-17 04:35:53,1438723359160758273,qiuchanjiang,秋潺酱今天做课题了吗,"不要玩哈利波特 会变得不幸
在离首席差一个段位的地方卡了三天了（微笑）",3,0,Twitter for iPhone
2021-09-17 03:51:34,1438712205923348489,wa_OMG,蛙@論文生產中,"我忍不住在哈利波特上面創社了，歡迎新人加入喔！

#哈利波特魔法覺醒 #哈利波特魔法觉醒 
＃腦袋裡的怪獸",2,0,Twitter Web App
2021-09-17 03:42:02,1438709807221907460,dna322531,dna322531,"尋找派發巧克力蛙的NPC攻略，希望幫到各位新巫師啦 😊 
#harrypotter #哈利波特 #harrypottermagicawakened #教學 #哈利波特魔法覺醒 

哈利波特：魔法覺醒｜尋找派發巧克力蛙的NPC ︳D… https://t.co/qd8B6Xvvdn",0,0,Twitter Web App
2021-09-17 03:41:43,1438709728108945412,nimonchabo,檸檬茶·𝑙𝑒𝑚𝑜𝑛𝑡𝑒𝑎🍋,晉升為AZ寶貝🥳（在想這個值得紀念的日子要不要來買哈利波特聯名的犀牛盾（其實就是找藉口想買個東西啦🤩 https://t.co/l1oVN1MeGq,4,0,Twitter for iPhone
2021-09-17 03:39:41,1438709214247981064,gsdxll,叙宁,@waylybaye 是的，最近这俩哈利波特和指环王，基本都是全网骂...,0,0,Twitter for Android
2021-09-17 03:35:20,1438708119152988163,jjjjijjjjijjj89,🦊,賭徒你哈利波特選哪個學院,0,0,Twitter Web App
2021-09-17 03:31:53,1438707252471365635,jike_collection,即刻精选,2018 年，《哈利波特与死亡圣器》在教育部统编的《语文》七年级教材里，被列为“推荐阅读书目”。人民文学出版社专门出版了一个特别的“部编版”，封面很酷。  #无用但有趣的冷知识 https://t.co/rEx7MFMrn0,17,2,即刻精选
2021-09-17 03:30:14,1438706837990166530,edisonvsemma,谦觉,@take_fumi6 不过呢，过了没多久，我们又期中考试了，然后我没考好，我妈就把全部责任推给了那几本哈利波特，当着我的面，把书撕了个稀巴烂，艹…………我的心也被撕碎了。,1,0,Twitter for Android
2021-09-17 03:29:17,1438706599388848129,edisonvsemma,谦觉,"@take_fumi6 那也很棒呀～
哈利波特我是上初中一年级的时候，我妈为了奖励我月考考了班级第五名，从邮局给我买的，当时买书啥的还都流行从邮局汇款那样呢。当时只出到第三部吧，就给我买了前三部。我喜欢的快疯了。真的是我活了十三年看过的最好看的书。其他人碰都不能碰。",2,0,Twitter for Android
2021-09-17 03:21:02,1438704523791454212,YJundy,Jundy*,@colinlelele 好多人都在玩呀 可惜我对哈利波特没有信仰,2,0,Twitter for iPhone
2021-09-17 03:18:09,1438703797140967424,poppci,秋山粒奈,玩哈利波特，选学院喊男的跟我一起鹰院，我说还能做室友同居，他：哎呀，还是算了，现在同居感觉还有点早吧（？,5,0,Twitter for iPhone
2021-09-17 03:10:56,1438701978792521733,colinlelele,西瓜要凉的,哈利波特这个游戏 我嫌它太复杂了不想玩  可是删掉它又觉得不好意思 只好把它留在那里 以证明自己是哈利波特忠实粉丝,2,0,Twitter for Android
2021-09-17 02:46:10,1438695746052624385,panghuaoaoao,escaparme,@waylybaye 但不得不说网易的营销还是可以的 每次新游戏淘宝游戏类目排名都是前排 就这两天的哈利波特工作室刷号都赚了很多钱,0,0,Twitter for Android
2021-09-17 02:35:18,1438693012427587584,take_fumi6,takefumi,"@edisonvsemma 你说的对😆 不过每个人的童年都是不一样的~🤣
我也觉得没看过哈利波特挺遗憾，但是现在已经没有兴趣去看了。🥶",1,0,Twitter Web App
2021-09-17 02:29:01,1438691430860427268,edisonvsemma,谦觉,"@take_fumi6 咦…………有点惊讶😲
因为我觉得哈利波特覆盖面挺广的",1,0,Twitter for Android
2021-09-17 02:13:54,1438687625129312259,what_is_bear,棕熊🧸,正在思考要不要自己辦一個哈利波特的社團_(´ཀ`」 ∠)_,11,0,Twitter for iPhone
2021-09-17 01:49:58,1438681603106959369,take_fumi6,takefumi,"@edisonvsemma 对啊 。。。那个好像也挺火。。。
可惜我对哈利波特本身就没什么兴趣。。没看过那个电影~🤣",1,0,Twitter Web App
2021-09-17 01:45:21,1438680443289698304,edisonvsemma,谦觉,@take_fumi6 结果现在我的伙伴们都在玩儿哈利波特了，我跟风也去玩儿。,1,0,Twitter for Android
2021-09-17 01:34:58,1438677828480868352,oooo_mioooo,mio的树洞🍃,"每天的梦都很奇怪，(⌯꒪꒫꒪)੭ु⁾⁾
另外 哈利波特的游戏，希望我不会被送到阿兹卡班",0,0,Twitter for Android
2021-09-17 01:05:33,1438670424531890178,kai44059999,かに,哈利波特的舞会让我有一种和好姐妹们去gay bar他们都纷纷被菜搭讪带走只留我一人在角落尴尬玩手机的即视感，好痛苦,9,0,Twitter for iPhone
2021-09-17 00:17:49,1438658412548485121,haowarede,姓名不能为空,"最近沉迷哈利波特影响学习
救命
#负能量黑洞",0,0,Twitter for iPhone
2021-09-17 00:10:42,1438656624600616964,appleDaxia,苹果大侠,坐地铁已经看到两个小姐姐在玩哈利波特了 可是真的不太行啊,0,0,Fenix 2
2021-09-17 00:09:33,1438656331808837632,Claire14465338,Claire ꒰｡ •̀ꈊ•́｡꒱,@silviaH13613 遊戲名稱是哈利波特：魔法覺醒,0,0,Twitter for Android
2021-09-16 20:44:36,1438604755547262984,NorsenYu,我缺錢還淺眠,"我最終還是玩了哈利波特什麼覺醒
不知道什麼時候膩就是了",0,0,Twitter for Android
2021-09-16 18:36:41,1438572564801064961,xxsiong,春城秋山,哈利波特 魔法觉醒，满足了我对哈利波特游戏的绝大多数幻想。真好玩！,0,0,Twitter for iPad
2021-09-16 18:34:26,1438571999022895133,AlekoOW7,狐ぷチューン,"小时候我就不敢相信有人没看过魔戒和哈利波特，就像有人没吃过麦当劳一样震惊
现在觉得，真的好可惜",0,0,Twitter for iPhone
2021-09-16 18:08:11,1438565392251711488,atiny_1219,라라,@selene_atiny 哈利波特是什麼東西😇（？,0,0,Twitter for iPhone
2021-09-16 18:07:46,1438565288803373061,Beiwojun_MW,被窝菌_达拉崩吧🤕🔪,_(:з」∠)_用哈利波特魔法觉醒的学年记录p成了画册，还挺好看，最后一张中秋节放出 https://t.co/493Tedqy8R,10,2,Twitter for Android
2021-09-16 17:57:28,1438562697696530433,selene_atiny,拾月 ☾,@atiny_1219 哈利波特沒有梯子重要（？,0,0,Twitter for Android
2021-09-16 17:50:54,1438561043337265153,K199024,K,"睡不著，剛剛解了哈利波特的每日，明天還得早起。
不管玩網易還是米哈游的中國遊戲，都不好意思跟身邊的人說，不過我個人倒不會對與中國來往有多麼大的反感，因為徹底切割是不可能的吧。
坦白講，身為業界人還是會想看看別人家的大雜燴為什麼可以這麼成功。",0,0,Twitter for iPhone
2021-09-16 17:42:30,1438558928686649344,atiny_1219,라라,"@selene_atiny 唉今天被綁架到都沒時間玩哈利波特了🥲🥲
但我好幸福😇",0,0,Twitter for iPhone
2021-09-16 17:41:17,1438558623370649606,baejuhyun_bank,주현뱅크🐰👑,"昨天跟朋友去看電影，被推薦下載了哈利波特手遊來玩，結果忙到今天連角色都還沒創好🤧
邊工作邊想我要去哪個學院才好呢雷文克勞很棒但代表動物卻是老鷹💔",38,0,Twitter Web App
2021-09-16 17:30:32,1438555919323832360,miharuya,MIHARU @単行本３巻発売中,哈利波特魔法觉醒一整个项目都非常成功，人家一整个完成度就在哪里，光靠酸是无法撼动销售榜的,7,0,Twitter for iPhone
2021-09-16 17:15:16,1438552075235827718,Xiaoluoaichirou,呆呆湾今天踩别人脚了吗（乐于交友版）,哈利波特魔法觉醒又名黑魔法觉醒，阿瓦达啃大瓜我越用越开心（希望下次能抽中少爷） https://t.co/ExaZSTOH6B,0,0,Twitter for Android
2021-09-16 17:07:04,1438550013685080067,SjP8DUeM5rK7Gkl,姐姐🧍‍♀️,@5WlSkE5SMbeBdNU 看哈利波特 可以撩我哦😏,1,0,Twitter for iPhone
2021-09-16 16:59:25,1438548085072826368,G7ll4GfF9h4qfT8,刘春,@realTaoRay 生于70年，哈利波特是我目前唯一完整看完的英文书，你的推文让我回忆起书中的有关场景，谢谢,0,0,Twitter for iPhone
2021-09-16 16:49:08,1438545497040424960,m_y__g_19,影是不會打球的影,唉光看大家講排就覺得好好，尤其不知道最近哈利波特paro不知道為什麼好像又熱起來，就很欣慰（而且好好看）（老人嗎）,0,0,Twitter for iPhone
2021-09-16 16:48:25,1438545317809455104,Ge_Niusss,Genius,最近迷上玩哈利波特。 https://t.co/6cxwu0AtoG,0,0,Twitter for Android
2021-09-16 16:47:42,1438545138867863553,silviaH13613,Silvia.H🇹🇼꒰｡ •̀ꈊ•́｡꒱,"@Claire14465338 為什麼我玩哈利波特看不到其他活人（？）
是我下載錯遊戲了嗎",1,0,Twitter for iPhone
2021-09-16 16:47:35,1438545108304109569,M1mVDG6ShJvdOP2,柳家关铁门弟子,来打哈利波特！！！！我双排首席！！！,0,0,Twitter for iPhone
2021-09-16 16:33:17,1438541512103501827,Claire14465338,Claire ꒰｡ •̀ꈊ•́｡꒱,玩哈利波特看到一個ID叫碩珍尼，希望有人出來自首（？,7,0,Twitter for Android
2021-09-16 16:26:03,1438539690504716290,megumi__hq,咩谷米,"北信介在哈利波特到底會在哪個學院…
哪個啊…..
（求解）",13,0,Twitter for iPhone
2021-09-16 15:36:05,1438527117331877888,Aiolia00095,阿育巴巴大俠🙌朝偉好好Bot,"～講到哈利波特～
正常動漫迷：思考推是哪個學院/魁地奇打什麼位置
我： 靠我要看高中生北七賣隱形斗篷🥳🥳🥳

而且黑尾小朋友老油條 他寫的是哈利波持 不是波特 他沒有騙人喔（？？？？",63,0,Twitter Web App
2021-09-16 15:27:27,1438524944254586889,tsaomao,은해바라기,"2021.09.16 11pm
打哈利波特打到差點忘了😅
今天赫海錄認哥了耶耶 李東海的粉毛也公開了讚
不過今天還是沒有關於回歸的物料🥲
預告照什麼時候能放
李東海的粉毛肯定挺不到十月底 
所以到底為什麼這麼久嗚嗚
順便許願他們能… https://t.co/FGmFgL8EwY",0,0,Twitter for iPhone
2021-09-16 15:05:49,1438519498420539405,IceLin27041062,Ice Lin,@Bacon___1124 看哈利波特熱舞,1,0,Twitter for iPhone
2021-09-16 14:53:33,1438516412952104965,ah_sheng0508,Shenggg,大家都在玩哈利波特了我還在二之國wwwww,4,0,Twitter for iPhone
2021-09-16 14:46:37,1438514668750864394,manyee2002,¯⌓¯🍊,"最近好像好火哈利波特哈哈哈哈
突然也好想玩玩看ㄟ",0,0,Twitter for iPhone
2021-09-16 14:39:38,1438512910473433089,Besatisfied8,Be＿satisfied,"影响学习的三大因素：
游戏
游戏
还是tmd游戏！
天天肝哈利波特让我想起了当年肝痒痒鼠的昏暗时光 https://t.co/1azGkUG1In",2,0,Twitter for Android
2021-09-16 14:34:28,1438511609916260355,BeingCaged,泉水叮咚叮叮咚,@Chiangdisciple 游戏，哈利波特魔法觉醒,0,0,Twitter for iPhone
2021-09-16 14:29:56,1438510469203910657,connnie_wan,the 錐 who lived,歡迎大家跟我一起玩哈利波特：越獄風雲,5,0,Twitter for iPhone
2021-09-16 14:17:56,1438507450181640197,daixin8021,嚎啕的公祥羽,"你要说我是伏地魔 那是不合适的 应该是善良版的伏地魔 还有一个比伏地魔还要坏的版本那就是老习了 你觉得这种人会放过我吗 这里可没有哈利波特

https://t.co/EFK8Kfuf1i https://t.co/WqAgpDnlVV",0,0,Twitter for Android
2021-09-16 14:09:24,1438505302807113733,real89198965,落葉歸根🍁,"@jane1929 @HarryHo0014 哈利波特居然说是你们是真爱😭😭😭
怎么变成这样…",0,0,Twitter for Android
2021-09-16 13:41:52,1438498373368049668,bbbOuOddd,郁乃あやの,"本來想說看完哈利波特來看魔戒
結果一部曲就快4個小時
抱歉 先不要",2,0,Twitter for Android
2021-09-16 13:24:24,1438493974142984193,psychopath2022,衷心祈祷每天少一个智障L&P🐆,"不想玩哈利波特了
卸载了",0,0,Twitter for iPhone
2021-09-16 13:19:07,1438492646524080132,jyun_sun,放了四天假的烤肉風風,"@bbhuang1994 勵志在哈利波特魔法世界裡成為世紀舞姬
魔法打架什麼的是野蠻人在做ㄉ",4,0,Twitter for iPhone
2021-09-16 13:17:25,1438492219854315528,Turquoise_35,Ќerratic ³,"拜游戏所赐，最近看了不少关于哈利波特的剪辑，我又开始觊觎十六岁的德拉科了😫

这世界上年轻又好看的男的没一个是我的。",3,0,Twitter for Android
2021-09-16 13:03:38,1438488751781543937,__ILY_0219,烏_Wu🌠,"哈哈哈哈哈哈哈哈哈
今天他在公司要測試家用3D，最近他在玩哈利波特，每天九點有社團活動，因為他今天測試沒辦法玩，手機設鬧鐘請工作人員幫忙打 好好笑
我會剪的！！",0,0,Twitter for Android
2021-09-16 12:55:02,1438486586379755522,shihanbaodahao,憨憨,@AInemukunai 太好了！！！我也在恶补哈利波特,1,0,Twitter for iPhone
2021-09-16 12:54:48,1438486528515194883,TTiliya,tiliya nan,一个八百年不看哈利波特的人，一眼看中了伏地魔的棍儿，我觉得，命中注定就是，总之反而就是。 https://t.co/4dc2hzP5aP,4,1,Twitter for Android
2021-09-16 12:52:58,1438486066671939592,AInemukunai,ai（停用,"明天要跟朋友们去看哈利波特展，她们下午来我家帮我恶补到第三部，刚刚离开我家。
我们三人约好明天一起穿黑色的衣服，还会给我带伏地魔的魔法棒！
太棒了！
于是我现在正在家里，开心地翻找明天要穿的衣服(*¯︶¯*) https://t.co/IvOLnTNgDz",29,0,Twitter for iPhone
2021-09-16 12:45:37,1438484216316973061,bbhuang1994,黃嗶嗶,突然想到，哈利波特舞會是雙人榜單，與其跟同一個人跳得拼死拼活，我是不是去找排行榜上的前幾名跳舞好像比較實際欸，這樣我的名字就會充斥整套榜單了（走火入魔）,48,0,Twitter for iPhone
2021-09-16 12:29:15,1438480097187545096,AnlinChan,L,"@Bibbyhappy 我在《哈利波特》裏的守護神是 馬, 快來測測你的吧！ https://t.co/rSqI3bwgrg #哈利波特守護神測試",1,0,Twitter for iPhone
2021-09-16 12:26:57,1438479520466489348,Pluto07822377,Pluto*,哈利波特是什么人间疾苦，为什么所有人都有金卡就我没有,0,0,Twitter for Android
2021-09-16 12:22:43,1438478451959160843,fiore0129,M&M,有玩哈利波特魔法觉醒的吗 https://t.co/Hqb6GSpGfE,411,16,Twitter for iPhone
2021-09-16 12:01:40,1438473155081752576,Liu_Moon_Eater,LiuMoonEater 小塯犬,"『Lumos！』話音剛落，光芒緩緩綻放，眼前的光景究竟是...？
————————————

最近玩了手遊《哈利波特：魔法覺醒》無論現實跟遊戲，小塯都努力的學習巫術呢！（欸你

委託持續開放中！
歡迎來找我委託！提出預算與需求討論… https://t.co/O45LhNCsSa",140,28,Twitter for iPhone
2021-09-16 11:49:08,1438469999841189889,maxinuk21,maxinuk21,"是日Discord主要話題, 有啱傾過黎傾下

傾計大廳
回憶icq netfriend搭訕內容

電影劇集
Matrix 4 中佬之浪漫
Cyberpunk2077中Us Cracks三位妹妹隻眼係點構造?

講飲講食
中秋節晒… https://t.co/qNjCC8H6IC",0,0,Twitter Web App
2021-09-16 11:28:28,1438464802511151104,uyu71Suuu,狗勾不挑食,放學後的快樂來源：哈利波特魔法覺醒,0,0,Twitter for iPhone
2021-09-16 11:10:47,1438460351536775174,ten58888,MIO🔆未央,"這幾天都在肝哈利波特，好不容易從紙片人的坑爬出來，感覺又要掉進另一個坑裡了（￣□￣；）
我比較喜歡玩單機遊戲，不喜歡組隊決鬥或是要跟其他玩家有交流的遊戲

抽到這二張應該算是運氣不錯吧⋯⋯ https://t.co/8YxgFlAkFp",4,0,Twitter for iPhone
2021-09-16 10:34:03,1438451106267508742,zoe_ookushi,LostinMirkwood,@lchocolatbonbon 嗯嗯那个塔是我读honour的塔楼，跟哈利波特里面的天文塔一样窄窄的旋转楼梯，很酷,0,0,Twitter for iPhone
2021-09-16 10:20:09,1438447606208757761,petalshkfree,petalshk,@anpho ……食死人殺了很多人，所以哈利波特算不算有描寫暴力🤔,0,0,Twitter Web App
2021-09-16 10:16:37,1438446717108506624,1206Amber,🍂透明🍂,"@AGnikomint 把我裱框ㄇ👀✨
我可以像是哈利波特裡面的畫像人物一樣每天跟你講垃圾話喔（欸",2,0,Twitter for Android
2021-09-16 10:05:29,1438443915942588420,lilitubewithyou,夏天別走,妹想到哈利波特也会变成抽卡游戏，网易还要搞魔戒，有没有老板做个慈善来搞一搞网易…,4,0,Twitter for iPhone
2021-09-16 09:55:28,1438441398034857987,yan_cate_,麻辣肥羊,哈利波特和妙麗都有了！差榮恩而已 但好像還沒有這張卡 https://t.co/3Wi40AMgp3,5,0,Twitter for Android
2021-09-16 09:52:51,1438440739885641730,joeka097,小白敏潤 민윤미뉸,"昨天玩哈利波特遊戲裡面的魁地奇
結果遇到頭貼是丁輝人的木木哈哈哈哈
還以為是@bearpink0619
結果不是 這位木木到底是誰啦XDDDD https://t.co/TfHtPqOfhk",92,0,Twitter for Android
2021-09-16 09:50:18,1438440094109560849,Qingyexue,米茶,#天翼之链 韩服学院周年庆的广告，刚开始我还没反应过来，我以为我乱入哈利波特去了噗( •̀ ω •́ ) https://t.co/UeqPldGxTe,0,0,Twitter for Android
2021-09-16 09:40:27,1438437617712844802,Kirbyhome,Kirby,@anpho 哈利波特年龄跨度很大啊。纳尼亚传奇看了？,0,0,Twitter for Android
2021-09-16 09:06:46,1438429142605729796,linkk97_,小林煎餅,"@jahojia_ 有哈利波特很好欸！！！！（大叫
這張超好用ㅠㅠ",0,0,Twitter for iPhone
2021-09-16 08:36:31,1438421526320062469,mememe_520,me.,"欸不是 哈利波特好燒腦喔
我還是玩點廢物手遊好了",37,0,Twitter for Android
2021-09-16 08:26:50,1438419092512198659,41jfv6TYGtnfqXK,米🌸雪,游戏《哈利波特：魔法觉醒》，你试玩了吗？感觉怎么样？ https://t.co/Kmn3si3Ou6,0,0,Twitter Web App
2021-09-16 08:26:33,1438419018482864131,xiaosibushengqi,VIABLE,"哈利波特乔装成了一个记者，准备偷袭伏地魔。
哈利波特：您好，我是一名记者。
伏地魔：ha？reporter？
哈利波特：没想到我隐藏的这么好，还是被你发现了！",0,0,Twitter for iPhone
2021-09-16 08:19:24,1438417218816020482,AngusCheng168,Angus Cheng,"哈利波特不錯玩噢噢噢
#單女 #人妻 #約會 #硬梆梆 #三小時三次 https://t.co/CW8mLFbDtM",0,0,Twitter for Android
2021-09-16 08:03:39,1438413255093882884,hapifallout,happi,神经病一样的团建日……而且还是哈利波特主题😡😡😡我选择斯内普，唉，只想明天早点结束回家打76😒😒😒 https://t.co/MDQt5rn6MC,1,0,Twitter for Android
2021-09-16 07:42:56,1438408041901166595,xxwan1208,阿婉的生活记录日常,"真的会因为一个人连哈利波特也不喜欢了
看到就烦哎",1,0,Twitter for Android
2021-09-16 07:42:37,1438407961831886848,Janven_S,人间野玫瑰,实在搞不懂哈利波特和金妮的感情线,1,0,Twitter for iPhone
2021-09-16 07:36:53,1438406520799068164,NoCaudal,INAMORI COLLAB LETS GOOOOOOOOOO,聲明：來我家的朋友在玩哈利波特；視訊的朋友實際上在上課，我沒有那麼爛人咱們不是第一次各幹各的了（,19,0,Twitter Web App
2021-09-16 07:20:31,1438402399891177473,YONGLINChinese,有剧本的加兰,哈利波特完了一周就卸了，对上氪佬根本没有游戏体验,0,0,Twitter for Android
2021-09-16 06:51:34,1438395114959904770,pipipaiei,不摸黑丝活不了,@NEKOneru_ 新游戏哈利波特,1,0,Twitter for Android
2021-09-16 06:47:03,1438393980190818306,BeingCaged,泉水叮咚叮叮咚,最近在肝哈利波特，昨晚上做梦都在啃大瓜,0,0,Twitter for iPhone
2021-09-16 06:32:29,1438390315887431680,LauBinYann,『彥寶上層巔峰』,"前幾天：網易出的哈利波特狗都不玩
幾天后：阿瓦達啃大瓜!!!",0,0,Twitter for Android
2021-09-16 06:30:00,1438389688541368325,IGNChina,IGN China,"华纳正式推出《哈利·波特》知识问答节目《哈利·波特:霍格沃茨学院争霸赛》，由海伦·莉迪亚·米尔伦主持。 #HarryPotter 

https://t.co/3GQzmGVzUZ https://t.co/OkcUHE0DgO",0,0,Twitter Web App
2021-09-16 06:13:53,1438385633148297216,rierielala,璃衣(リエ)*Ariel,"比較想加入雷文克勞或赫夫帕夫。
剛剛別的單位的同事跑來跟我們單位的同事交流一下哈利波特，我順便問了他是哪個學院的，他說他是雷文克勞XD
他選雷文克勞的理由：「衣服好看。」（欸",0,0,Twitter Web App
2021-09-16 06:11:18,1438384983412985856,SunsetCapture_,废话超多bot,这几天一直在打哈利波特 捏马 累死我了,0,0,Twitter for iPhone
2021-09-16 05:40:56,1438377341105803270,hei8860432,漆白墨黑,@NyanyaYuuqhq 来、来打哈利波特（你不要,0,0,Twitter Web App
2021-09-16 05:34:04,1438375613711077377,HelloImMostFat,阿德 🐸,"哈利波特打到首席有個好處
他那個西洋棋盤場地好漂亮我好愛 🥺",3,0,Twitter Web App
2021-09-16 05:32:44,1438375275994107904,atlasduan,Atlas,午休时间玩儿哈利波特真是气死 双人决斗匹配的玩家 手里的魔杖就是根木棍 永远都是近身肉搏 冲啥啊你冲,1,0,Twitter for iPhone
2021-09-16 05:11:17,1438369878822457347,izakiyen,皮卡男孩,不知道是不是年紀大了，覺得哈利波特手遊讓眼睛好累，就刪了😔,13,0,Twitter for iPhone
2021-09-16 04:48:58,1438364263542767617,rierielala,璃衣(リエ)*Ariel,"只能說哈利波特的手遊…
玩的是懷舊，氪的是回憶。",0,0,Twitter Web App
2021-09-16 04:37:29,1438361372597755906,rierielala,璃衣(リエ)*Ariel,"同事最近迷上玩哈利波特的手遊。
我其實也滿感興趣的，這幾天有問身邊有沒有朋友玩，最有可能玩的朋友也因為它是網易的遊戲而放棄（網易＝氪金）。
然後剛剛同事跟我說他氪金了，我：「？！！」
未免也太快！這遊戲不是正式上線才一星期左右嗎？
同事：「現在買學院禮包送一隻玻璃獸啊…」😂😂😂",0,0,Twitter Web App
2021-09-16 04:36:27,1438361114618650624,Cherryleader_jk,哈娜🥱🍒,"哈利波特的遊戲真的太精緻了⋯
咒語書的互動 原始角色還原得也很像
對粉絲來說真的玩得很快樂😻
（可是我還是不太會玩手遊就是ㄌ）",9,0,Twitter for iPhone
2021-09-16 04:32:06,1438360019246874630,roizi_project,羅茲·佩羅佩里尼,如果有朋朋玩哈利波特手遊的話，我是史萊哲林的，請當我的室友好嗎,0,0,Twitter for iPhone
2021-09-16 04:20:33,1438357113483370496,wbebe1122334455,阿拉斯加哭馬,昨天忙著上課（事實是玩哈利波特）感覺好久沒滑推ㄌ喔(ฅ'ω'ฅ),0,0,Twitter for iPhone
2021-09-16 03:52:11,1438349972575903745,kami_10969,阿神◓早點睡覺,"是說現在河道出現哈利波特都是有玩那個手遊的
想鎖關鍵字了
但漏掉PARO文怎麼辦(？",5,0,Twitter Web App
2021-09-16 03:32:07,1438344924529717249,weakuli1,weakuli,@yooo33739942 夜晚的巴士我只想起哈利波特的騎士公車，尤其是飆起來的時候😂,0,0,Twitter for iPhone
2021-09-16 03:26:20,1438343468263247872,WOPosth123,WoO. Posth.,"“童年时的经历都是宝贵的。”从小就听说这句话，但没人给我解释为什么。

五岁之前，每一年的经历，都占整个人生的五分之一，每一个认知都是新奇有趣，值得反复思索的。童年遇到的新东西，都有足够的时间反复咀嚼。你看的每一本哈利波特，每一部宫崎骏，都是贯穿整个人生的震撼。",1,0,Twitter for iPhone
2021-09-16 03:08:29,1438338975345758209,nia2046,软软人,@anpho 江南的《龙族》，号称中国版的哈利波特，我也觉得挺好看,1,0,Twitter for Android
2021-09-16 02:38:05,1438331324268380161,neonvis,vision,Marchen Awakens Romance{魔宠传奇}Fire 哈利波特主题Game+元宇宙+NFT，将会带领全世界哈利波特，魔法学院的支持者们一起在霍格沃兹魔法学院冒险！！ GameFi：游戏收益产出、NFT卡牌质押 加入我… https://t.co/VMvTVYC78N,0,0,Twitter Web App
2021-09-16 02:20:08,1438326809528094721,MiaBleem,Mia,"看了一眼推油们推荐的瞬间感觉自己小时候看的小说好幼稚哈哈哈哈哈
我当时跟哈利波特一起看的都是什么冒险小虎队… 淘气包马小跳啥的…… https://t.co/NWM5ISGwa5",6,0,Twitter for iPhone
2021-09-16 02:07:32,1438323635131875328,eggplantgod,草加子🍆新人Vtuber,"大家早~~
哈利波特魔法覺醒真的是時間小偷

有沒有朋朋也有玩！我們加個好友！",28,0,Twitter Web App
2021-09-16 01:58:21,1438321324347183111,xuesumin66,Xue,哈利波特招室友啦 https://t.co/S3Yh8GAUmx,1,0,Twitter for Android
2021-09-16 01:40:10,1438316748294410240,no_lait,剁椒·鲤鱼王·拖拉机,@anpho 本特别迷哈利波特的中年人，很喜欢阿西莫夫的银河帝国、机器人系列，然后亚当斯道格拉斯的都可以看，他是英国冷幽默，以银河系漫游指南为代表。然后一些科普入门读物也合适的,16,0,Twitter for Android
2021-09-16 01:23:56,1438312664090828801,sayako6666,sayako6666,"今天也走了40分鐘，回去國中的母校，上坡路段真的是夭壽，下坡路段輕鬆很多，但感覺運動量比較少（還是不要太貪心，先持之以恆比較重要
最近很瘋哈利波特，遊戲都會有蒐集目標，例如參加活動三次，十次，五十次會各有獎勵。
感覺我的運動也可以設個目標獎勵才對。
不先不求體重求次數：）",1,0,Twitter for Android
2021-09-16 01:07:52,1438308622107230208,dc631223c,舞風中,👾中國《哈利波特》手遊ID不能取「台灣」，網友出招反制！🤔｜志祺七七 #shorts https://t.co/zdqVprukBA 來自 @YouTube,0,0,Twitter Web App
2021-09-16 00:43:35,1438302510469373952,lisa_misakanon,嗑藥偵探是我的推,"其實很想把哈利波特的禁詞貼到限時罵
可是友列真的好多人玩哦…

破壞別人的興致不是我的本意😔",0,0,Twitter for iPad
2021-09-15 23:45:00,1438287766761115650,blankid1006,Blanca.,感觉自己就是一阵一阵，前一阵子特别沉迷塞尔达，之后有一段时间一直在许墨许墨。然后过了劲儿以后又开始玩光遇。现在又回到哈利波特了。（反正反反复复喜欢的就这么几个东西，就是一阵一阵的¥,0,0,Twitter for iPhone
2021-09-15 23:06:18,1438278027436298241,owenA47084719,云淡风轻,"看完【哈利波特】1-8部剧情|魔法冒险永不停息|经典电影推荐|哈利罗恩赫敏再陪我们成长一次 https://t.co/KY82aMr6Od 来自 @YouTube
陪伴我们80一代成长的魔法故事，这些镌刻在记忆中的故事是否留存在你… https://t.co/s6egUaeDXh",0,0,Twitter for iPhone
2021-09-15 22:31:05,1438269167426326534,aGBqI65W76aUmsA,骗童老翁,@tangtangshuiley 哈利波特可以试试,0,0,Twitter for Android
2021-09-15 19:55:27,1438229998796607488,applerabbit1020,綿點兔→畢製變爛泥☠️,"看了哈利波特魔法石
以前覺得超精采的但現在看就抓到很多bug XDDD
巫師棋那裡有夠帥，以前印象很深刻，現在看起來就有點像硬插的劇情(#
但哈利波特的CG真的做的好厲害喔....以那個年代來說超神的欸......
石內卜的舉動太… https://t.co/RGVXHyYFKV",0,0,Twitter for Android
2021-09-15 19:26:11,1438222636048207873,Spanker_963,𝖌𝖍𝖔𝖘𝖙𝖌𝖎𝖗𝖑,"我不该在睡前打开哈利波特
总共就三张金卡 氪了十发给了两张重复的
不愿再氪 https://t.co/6W3vCd2WMd",7,0,Twitter for iPhone
2021-09-15 18:30:57,1438208734728126466,chrisyaotw,Chris Yao,@leina6641 該打哈利波特了吧🧐,0,0,Twitter for iPhone
2021-09-15 18:27:41,1438207911558221824,gold5257p,君和🐼❤️💚💙🧡🤍🦦,"4.33 Chb:/ 霍格沃茨在线施展魔法🪄  
%%北京环球影城 %%北京环球 %%哈利波特  https://t.co/YA97wjh84c 复制此链接，打开Dou音搜索，直接观看视频！ https://t.co/DOjCZaYnfW",1,0,Twitter Web App
2021-09-15 18:02:05,1438201468419403780,2222mao,NimoNimo🇨🇳,#HarryPotterMagicAwakened 我见到哈利波特了（之前其实见过） https://t.co/nTfOunRXiv,0,0,Twitter for iPhone
2021-09-15 17:56:09,1438199975297622017,ovo20400108,布丁ovo,沉迷哈利波特 卡牌游戏真他娘的好玩,3,0,Twitter Web App
2021-09-15 17:45:33,1438197310580662272,siiiniiiz,幹什麼東西妮,玩哈利波特玩到走火入魔了都忘記今天是禮拜三有勾引可以看😪（嚴格來說是昨天）,0,0,Twitter for iPhone
2021-09-15 17:26:42,1438192565879119872,a_inogetsu,祈玥 Akai Inogetsu,[哈利波特 魔法覺醒] EP03 校園巫師決鬥 索命流好好玩 https://t.co/Et2AV5aN58 via @YouTube,0,0,Twitter Web App
2021-09-15 17:26:31,1438192517397114881,Xiaoluoaichirou,呆呆湾今天踩别人脚了吗（乐于交友版）,yeah！终于让我闺蜜入坑哈利波特了！下一步得找个方法让她嗑德哈 https://t.co/E5DASeAn5E,2,0,Twitter for Android
2021-09-15 17:13:32,1438189250290208768,RinShiwasu,🌟師走凌@天使の悪魔教教主🌟,"我有没有说过其实我算半个鱼叉人
总之做了哈利波特paro的饭饭 https://t.co/Y3tMA0l2BO",0,0,Twitter for iPhone
2021-09-15 17:07:42,1438187782040526848,ys_himawari_,葵🎐,乾我每天差不多都玩哈利波特五小時欸…,0,0,Twitter for iPhone
2021-09-15 16:50:16,1438183394530115591,BOA_is_JKs,波比蹲：在玹難逃 在玹就是我的劫🏃🏻‍♂️,@nnnyyyy_0701 是 @fluffyunicornct 但他沒有很長活在推特上 他活在哈利波特的空間,0,0,Twitter for iPhone
2021-09-15 16:37:01,1438180063518748678,bbbOuOddd,郁乃あやの,"«哈利波特»的愛情部分真的母湯
我超不喜歡(●´⌓`●)",2,0,Twitter for Android
2021-09-15 16:35:34,1438179696772927490,qiuchanjiang,秋潺酱今天做课题了吗,"然后他在车上对我说的是：打哈利波特吗
他妈的又没哄我",1,0,Twitter for iPhone
2021-09-15 16:20:36,1438175932166987776,P_each__T,玥玥也超可爱,@Assasinotang 我可太喜欢哈利波特了！,0,0,Twitter for Android
2021-09-15 16:09:06,1438173036327292929,Sharon_1105,은민,@WEiTiiiii 我也覺得誇張 醒來就是在哈利波特,0,0,Twitter for Android
2021-09-15 15:36:58,1438164951517040648,asasok5,想看无吟唱水魔法,@Neru429 看哈利波特吗,0,0,Twitter Web App
2021-09-15 15:28:26,1438162800866512896,iahyuan,ᴀʜʏᴜᴀɴ✊🏻💛,救命我玩哈利波特玩到忘我🆘 https://t.co/tt1iHcQaL5,1,0,Twitter for iPhone
2021-09-15 15:27:54,1438162668116844548,Casperhooo,🙂,@beardomination 我小学迷玩哈利波特 初中就开始迷暮光之城,0,0,Twitter for iPhone
2021-09-15 15:20:14,1438160740095954952,gHMTrHywVHrW9is,希河,复制到的哈利波特！nice！ 虽然这张卡我觉得真没用 https://t.co/sob5lOavHe,0,0,Twitter for iPad
2021-09-15 15:18:48,1438160377892642820,Sharon_1105,은민,哈利波特中毒餒 https://t.co/4Jysz45X7P,1,0,Twitter for Android
2021-09-15 15:14:13,1438159224895270914,Cecilia_yra_,😶‍🌫️yra,看哈利波特与密室又哭了，想到多比🥲我还要为这个系列流多少眼泪😭😭给我来个obliviate吧！,1,0,Twitter for iPhone
2021-09-15 15:04:47,1438156852190015491,ikaikura_HK,伊香いくら🦑9/20半週年,"應該會畫制服+其他怪東西
如果用一個作品代表我的青春
那就是哈利波特

⏰9/16(四) 14:00
https://t.co/cD4gGA5nRT

♤半週年棉花糖募集中♤
https://t.co/xqRkSTqui5 https://t.co/PL5DeJ0Cu7",17,2,Twitter Web App
2021-09-15 14:41:05,1438150884613967875,mob110119,清心寡欲真君,有些人嘴上说要画画，结果玩了一个晚上的哈利波特,2,0,Twitter for iPad
2021-09-15 14:38:56,1438150343594971139,YanLiu86257061,Shiiiiiiiit,"最近太迷哈利波特这个游戏了
不过今天单人、双人模式都上3500啦 https://t.co/YXwjcBvsah",0,0,Twitter for iPhone
2021-09-15 14:16:33,1438144710434983937,sanjauzue,Luna,重看哈利波特覺得一堆看起來很樸素的咒語都無法回朔讓我很失望 而且他們魔法世界怎麼還有膠帶 用魔法ㄚ妙麗都可以直接修好玻璃裂縫了榮恩還在用膠帶黏魔杖,0,0,Twitter for iPhone
2021-09-15 13:58:25,1438140148093374467,yoruno_taka,ヨダカ,"@Milkshake_0314 非常感谢🙌
这是哈利波特🧹🧙‍♀️",1,0,Twitter for iPhone
2021-09-15 13:57:09,1438139829892562948,Annastasia_0723,阿娜斯塔西娅,"急需冤大头支持我玩哈利波特哈哈哈哈哈哈
#ATM奴 https://t.co/Mq47xcDbM6",1,0,Twitter for iPhone
2021-09-15 13:54:49,1438139243759472640,nemo1257,阿大(老大),胸前ㄉ是校徽，因為學校稱呼新生叫法師(之類的稱呼)所以就來自肥~還被說像哈利波特ww,0,0,Twitter for Android
2021-09-15 13:54:44,1438139223370919937,b0970952646,02(´-ωก`)成為藤蔓糧食的糰子🌱,我哈利波特剩兩集可以看……嗚嗚嗚,0,0,Twitter for Android
2021-09-15 13:42:40,1438136185214406661,viksEbooks,Vik’s Ebooks,"好书分享：《哈利·波特》作者：J.K.罗琳

《哈利•波特》是一套你真正值得期待的丛书，它曾被译为35种文字在全球出版，迄今已销出3000万册。火爆西方世界的第一畅销书《哈利•波特》不仅让小朋友们爱不释手，就连大人们也为之如痴如醉… https://t.co/21Hx7TVrtY",0,0,IFTTT
2021-09-15 13:39:08,1438135296680284160,Milkshake_0314,乃昔(*´∪｀*),"好有趣，想畫畫看(´▽｀)
雖然我根本沒看過哈利波特（？ https://t.co/dQgVhMiVAR",1,0,Twitter for Android
2021-09-15 13:30:52,1438133215689003011,siyaemrys,亞ちゃん🇯🇵🇺🇸🇱🇹🇸🇰🇨🇿🇵🇱Thank you,哈利波特創了一個男角，看二個男的跳舞就是愉悅☺️,1,0,Twitter for iPhone
2021-09-15 13:25:07,1438131770193371151,JesseLin2000,JesseLin2000,👾中國《哈利波特》手遊ID不能取「台灣」，網友出招反制！🤔｜志祺七七 #shorts https://t.co/sJBiOQmZtW 來自 @YouTube,0,0,Twitter Web App
2021-09-15 13:24:20,1438131571450474496,MrZanHQ,Mr.Zan,"@anpho 凉宫春日本来就是轻小说啊…
我还没看过哈利波特的电影呢😂",2,0,Twitter for Android
2021-09-15 13:06:37,1438127113035403266,JiYu_0712,JiYu_努力して勉強中,"「你的時間很寶貴。」
所以要一號手機打開《全知讀者視角》的同時，二號手機打開戰雙帕彌什，在電腦上的手機模擬器打開A3滿開劇團的同時，再雙開哈利波特魔法覺醒，最後打開瀏覽器看新番。
已經成為日常了。",0,0,Twitter Web App
2021-09-15 13:01:34,1438125842983370756,yan_cate_,麻辣肥羊,哈利波特游戲裡 在史萊哲林的休息室有一枚舊舊的徽章 上面寫著波特臭大糞.,5,0,Twitter for Android
2021-09-15 12:41:43,1438120848691400705,MrZanHQ,Mr.Zan,@anpho 你要说哈利波特，我只能帮你推荐凉宫春日了,8,1,Twitter Web App
2021-09-15 12:40:42,1438120592570421253,anpho,MerrickZ🦁,"求助众推友：
有啥适合小学生看的书吗？
特别迷“哈利波特”的那种小学生……？

要求：
没有性描写
没有暴力血腥脏话毒品

求推荐。",128,8,Twitter Web App
2021-09-15 12:35:03,1438119169015177216,PilakkuNya,和歌子ワカコ,"最近不想出门

#和服 #着物 #着物女子 

可以的话想当做哈利波特（赫奇帕奇🦡）的灵感装扮🌟

#Hufflepuff #Hogwarts https://t.co/vph2ASHGz3",3,0,Twitter for iPhone
2021-09-15 12:12:18,1438113445312827393,hantai0331,快樂的抱抱怪獸,"魔法覺醒好好玩&gt;&lt;
撇開其他的
他的遊戲系統至少是對我胃口的
他把走位跟卡牌結合
我覺得很不錯
這遊戲平衡也還行

只可惜是中國做的就是了",0,0,Twitter for Android
2021-09-15 11:41:09,1438105602559909891,K4vli0nNYHfR5vL,NanMu.南牧,"去去武器走！
《哈利波特：魔法覺醒》
沉浸式魔法世界，歐式復古繪本風，打造全新魔法體驗。收集魔法卡牌，加入刺激的巫師對決！覺醒魔法，體驗只屬於你的校園生活！
https://t.co/N1tXgnHUDv",0,0,Twitter Web App
2021-09-15 11:36:38,1438104468432646148,orikasa_chiyuki,雪❄,"發瘋
玩個哈利波特還要會打西洋棋
我都多久沒玩西洋棋了別這樣哦夭壽🆘

上次玩西洋棋好好像是一年前🤣🆘
問我象棋跟西洋棋哪個比較難
我覺得西洋棋非常燒腦💦 https://t.co/RY0ECrfo9v",1,0,Twitter for Android
2021-09-15 11:20:23,1438100379594485767,f5wyI2bZPoRC3T5,是也,"哈利波特这IP厉害了
流水超原神的话，国内媒体至少对米的舆论围堵能稍微好点？",0,0,Twitter for Android
2021-09-15 11:07:03,1438097021097758724,GMPLY5555,公民评论员⁵,@puzzlerlee @lunareadingnote 环球影城适合大孩子去，我对哈利波特、变形金刚又没什么感觉，估计要很久以后才去了。上海迪斯尼还是可以去的,1,0,Twitter Web App
2021-09-15 11:03:37,1438096159227006976,rabbrot,Carbit,"在哈利波特里有弟弟把我的🆔放成烟花
真的还蛮会的
可惜声音不好听我立刻下头了",1,0,Twitter for iPhone
2021-09-15 10:51:13,1438093037066809344,Billie_Chou,Billie,中国没分级制度永远也没有好游戏好影视，就因为图一这种人，还要警告喜欢用不可饶恕咒的玩家？讲道理，哈利波特用钻心咒折磨完贝拉也没进阿兹卡班啊！ https://t.co/cJNntWZA5z,0,0,Tweetbot for iΟS
2021-09-15 10:38:46,1438089907029766144,tcok8651,ㄧㄧ四二,雖然很想玩哈利波特的遊戲，但是禁言那些的消息出來後，算了吧。,0,0,Twitter for iPhone
2021-09-15 10:36:17,1438089280765796354,skynono6,nowhy,@subyyds 手游玩吗qwq 最近迷哈利波特魔法觉醒,0,0,Twitter for iPhone
2021-09-15 10:12:45,1438083356000874497,edblack1999,黑肉學生,"玩哈利波特玩到手麻
上次這麼沈迷手遊是什麼時候？不曉得",40,0,Twitter for iPhone
2021-09-15 09:56:07,1438079171201155074,little_egg__,最美的那顆蛋就是美蛋,"@Ellenakaha 最重要的是魔法🪄
快來玩哈利波特跟我一起成為又白又瘦的魔法師吧（欸，突然的業配
50萬我也會拿去做更有意義的事情",1,0,Twitter for iPhone
2021-09-15 09:51:42,1438078062386548739,k51689,散人,👾中國《哈利波特》手遊ID不能取「台灣」，網友出招反制！🤔｜志祺七七 #shorts https://t.co/iNSGo9K7nP 來自 @YouTube,1,1,Twitter Web App
2021-09-15 09:31:27,1438072966248497153,tttcjl2,这位慢热型选手过于稳健,哈利波特再次证明欧气离我很遥远🪄,0,0,Twitter Web App
2021-09-15 09:29:14,1438072405239369736,91_10_01,黃黃✨,剛剛才看完哈利波特但只看完解說而已就花了一個小時 之後再一部一部慢慢看超好看的神作👏👏,4,0,Twitter for iPhone
2021-09-15 09:05:19,1438066388468330498,abs4d231_035,Zero0,@Ahchien0614 辛苦了 ！🤣  （氣音： 哈利波特 美術豪讚⋯,1,0,Twitter for iPhone
2021-09-15 08:48:34,1438062172433571841,yuisuga3989,🇹🇼ARMY❤閔柚唯 Yui ゆい,@graygraygalaxy 哈利波特該+一下喔,1,0,Twitter Web App
2021-09-15 08:37:13,1438059314971742214,Ahchien0614,阿謙,"🥺🥺拉線喏!!!!
（救命我沒想到會這麼多人X）
（畫完我就要去玩哈利波特惹）",1,0,Twitter for iPhone
2021-09-15 08:15:36,1438053875911589897,3G__life,芝士味的芝士,"最近在重温哈利波特的电影，边看电影边看各路解析，发现读者的阅读理解是真的强，各种细节

于是开始想去翻翻原著，就像是想看看被戏剧化的故事背后的真相是什么样子，虽然原著也只是故事而已

但是想到有好多部好厚的书，就没动力去看，就想如… https://t.co/ljLS6Y8vvw",1,0,Twitter for iPhone
2021-09-15 08:00:45,1438050137826213888,graygraygalaxy,闐灰灰,"@yuisuga3989 但哈利波特比較好玩欸（不是
BTS world之前我也是課不少🥲",0,0,Twitter for iPhone
2021-09-15 07:47:21,1438046768361398278,zz389464,saster,@Ujuchinho_EN35 哈利波特和麻瓜传奇：哈麻批,9,0,Twitter for Android
2021-09-15 07:41:01,1438045172202307584,Ujuchinho_EN35,猫卿@希灵帝国EN35节点柯伊伯站,"如果按照那些打游戏的人取蔑称的逻辑
明日方舟-舟批
王者荣耀-农批
原神-原批
那么现在那帮小女孩玩的那个哈利波特：魔法觉醒

应该被称为哈批。
#一个四川笑话",27,0,Twitter Web App
2021-09-15 07:11:09,1438037655963553795,yongyfz,永์愛中華,"New post in 一些干货: 限時免費的 IObit Uninstaller Pro 11繁體中文反安裝工具
https://t.co/RffVV9Ppws
【哈利波特魔法覺醒】每日必做8件事▸無課玩家生存之道，不小心漏一個… https://t.co/6O8aUxVm4n",0,0,IFTTT
2021-09-15 07:06:37,1438036516383592451,b0970952646,02(´-ωก`)成為藤蔓糧食的糰子🌱,oO(我想回家看哈利波特了）,0,0,Twitter for Android
2021-09-15 06:45:17,1438031148475555841,selena0416,颯夜就是颯颯( ･ิω･ิ),"上班玩魔法覺醒好像還是有點太刺激（
電話來了就開始亂甩卡...",9,0,Twitter for Android
2021-09-15 06:23:21,1438025629350330369,wYEGgubGCXUH5GG,想不出名字,"看卡卡和幻贺玩哈利波特笑死我了。
他们好快乐。幻贺好兴奋——互相打架，重拳出击!👿👿",4,0,Twitter for Android
2021-09-15 06:17:14,1438024087943598080,rutsz_ika,咩嚕🦅鷹院小巫師⚡️🧙🏻‍♀️阿茲卡班預備役,原來好多人冇睇過哈利波特,4,0,Twitter Web App
2021-09-15 05:58:52,1438019467359838210,fifinqdog,Fifi國的國民,哈利波特的製作組一定有很多推友屬性的性癖。,2,0,Twitter for Android
2021-09-15 05:46:43,1438016407363416064,Una_zelda,U納(Una),@bonnie_onigiri AU:指的是架空設定，把角色套用到新的世界觀中，不變更角色個性。預測後續劇情也算在這個分類裡面。 PARO:把角色套用到**已經有的世界**，像是把A角色套入哈利波特的世界裡面作創作。重點是已有的設… https://t.co/f5e8VptzpS,2,0,Twitter for Android
2021-09-15 05:26:10,1438011238781358082,EhPCnyOMn5RVJiW,飄,哈利波特魔法覺醒 #哈利波特魔法覺醒 #harrypotter #貼圖 #OC https://t.co/RM8pTLdrly https://t.co/JuXXKi7HrW,1,0,pixiv: Post to Twitter
2021-09-15 05:16:13,1438008734756716546,WillbeRichpp,piupiu迟早变富婆,真的只有我没看过哈利波特吗哈哈哈哈哈哈哈哈哈哈哈哈哈哈哈哈哈,4,0,Twitter for iPhone
2021-09-15 05:14:45,1438008362705174528,Chaldeacult,虹の行方,@RC_Crowley 你这是哈利波特吗,5,0,Twitter for iPhone
2021-09-15 05:14:02,1438008183004352513,orikasa_chiyuki,雪❄,"手機不知道是不是在發熱的關係
導致玩哈利波特超級卡一直瘋狂延遲🤦🏻‍♀️",0,0,Twitter for Android
2021-09-15 05:10:38,1438007329769721859,MisakaImoto32,飘雪,这啥比游戏到底是哈利波特还是僵尸围城啊😡 https://t.co/IhLPhvaIWi,24,0,Twitter Web App
2021-09-15 05:10:09,1438007206281158656,LiuCiri,Ciri Liu,老肖和哈利波特还真像😂 https://t.co/tWhZIz2woJ,0,0,Twitter Web App
2021-09-15 05:04:08,1438005690442784769,rnnn_imfa,RNP🎾,噗浪剛好最近在講網易哈利波特的問題 這邊就出了魔法學校活動 太剛好ㄌ,0,0,Twitter Web App
2021-09-15 05:02:38,1438005313249026048,Yintinusa,Daisy,"小朋友间的友谊真是童真而美好[愉快]

清宝一直幻想能进哈利波特里面的霍格沃滋学院，然后妞妞妹妹就从达拉斯给她寄了一封信过来，信的内容是模仿学院的录取通知书，哈哈，看着好可爱😄 https://t.co/5LGSD3j0KJ",35,0,Twitter for iPhone
2021-09-15 04:47:24,1438001479118323719,uniswap12,Forgotten.bit,哈利波特在家吗？ https://t.co/L2pof52YX3,1,0,Twitter Web App
2021-09-15 04:36:06,1437998637653450756,bbbOuOddd,郁乃あやの,"吃飯配哈利波特
還有上個月買回來一直沒喝的酒 https://t.co/of0fv5ZJrL",2,0,Twitter for Android
2021-09-15 04:33:29,1437997980825505792,rankourin,rankourin,"觉得哈利波特玩法有趣的可以去玩玩皇室战争。至于哈利波特这个游戏，真的垃圾，满满的恶臭，完全的换了个ip的套壳游戏，吃相还那么难看。
雷火的美工是真的绝没话说，一个字：棒！
哈利波特我玩了二十分钟立马就卸载游戏了，各种捞钱恶臭方法",2,0,Twitter for Android
2021-09-15 04:25:27,1437995956578881537,pink_oooey,（減肥狀態）,最近內心ㄉ正面能量持續增加中 感覺很棒 這幾天除了睡覺以外都在吃東西 玩遊戲 重溫哈利波特小說 跟朋友聊天講電話 什麼都不用思考ㄉ日子真好 但想到之後要面對ㄉ事還是得面對就心煩⋯好想當一隻貓（但搞不好貓也有很多煩惱只是我不知道）,2,0,Twitter for iPhone
2021-09-15 04:19:03,1437994344892354565,WainZi827,雨貍💜沒理智奧妙雞⚡🐋,"跟大家分享每次開魔法覺醒他都會這樣跟我講
我每次都按取消但我覺得他可能有他自己的想法
這種文字敘述過多的遊戲我也不太行（抓頭 https://t.co/AwNQkb9Wtu",4,0,Twitter for Android
2021-09-15 04:12:11,1437992619066343424,kaisermarvel,凱撒 🐕,"喔對了日本不能玩哈利波特那個遊戲
我現在很生氣😡😡😡
身為一個哈利波特資深腦粉不能玩是怎樣ಠ_ಠ",0,0,Twitter for iPhone
2021-09-15 04:10:40,1437992238399692807,Millysfantasy,C,打魔法覺醒打的不亦樂乎happy,17,0,Twitter for iPhone
2021-09-15 03:55:41,1437988465824518145,chun__hsin,綠豆沙好喝,"看到朋朋說過去颱風天就是把哈利波特拿出來重刷1-7ㄉ好日子，我個人是在颱風天和期中期末各種大考剛考完時拿出來重刷ㄉ人；讓子彈飛也是電視有看到就瘋狂重刷♪( ´▽｀)。
然後就會被說無聊ಠ_ಠ",0,0,Twitter Web App
2021-09-15 03:53:51,1437988004207812616,summer_086,wow_summer,@Archer88283976 哈利波特，画质还可以,0,0,Twitter Web App
2021-09-15 03:53:10,1437987834548277250,mixxiw_twfc,𝕄𝕚𝕩 𝕊𝕒𝕙𝕒𝕡𝕙𝕒𝕡 𝕋𝕎𝔽ℂ,"［20210915 mixxiw 限動］

小編：今天是哈利波特咪⚡️🐱

#GMMSafeHouseDAY3 
#mixxiw #汪始慧 #ส่วนผสมของมิกซ์ https://t.co/FO03l5oBhY",33,5,Twitter for iPhone
2021-09-15 03:48:32,1437986668766588928,RubymoonLoveWX,Rubymoon,"我朋友“如果和你打哈利波特认识的朋友和你线下见面就会发现：这人怎么和她捏的角色一模一样啊哈哈哈哈”

如果捏脸发色能挑染就好了",9,0,Twitter for iPhone
2021-09-15 03:01:15,1437974765923274755,AkbufyqVypAmT6y,砍死法老,"扫黑风暴全集+送审版
失控玩家
重案怒火
明日之战
白蛇2.青蛇劫起
南巫
哈利波特1-7部
各种最新电影资源，5r一部
需要的➕微❤️:bswsn1",2,0,Twitter for iPhone
2021-09-15 02:38:39,1437969080489635840,yun_icingsuga,yun月月,"@Seven24432975 真的超懶
結果我最近都在打哈利波特（蛤",1,0,Twitter for Android
2021-09-15 02:19:19,1437964214455373833,p0hme7bJ44aEvrP,混沌魔女的神秘手册🐰,"言归正传。好像我还是很喜欢这样自言自语。自言自语的感觉很平静，像浸在海里被淹没的感觉。
说起海，我对海好像也没什么执念。
但对海鲜有hhhh
讲点正事
好像也没什么正事其实
就是碎碎念很开心罢了
其实事情还是挺多的，我自己不愿动，玩哈利波特玩的倒是开心。
我还蛮欧的。
我是说账号",0,0,Twitter Web App
2021-09-15 02:09:12,1437961668709924864,imupuppy,你真的很烦诶,@tanxueliang666 哈利波特吗？不好玩 被氪佬狠狠地吊打了😢,0,0,Twitter for Android
2021-09-15 02:05:57,1437960849444933632,AquaCream,Ｓ．,哈利波特还蛮好玩的，可能是因为我不怎么玩这类手游,0,0,Twitter Web App
2021-09-15 01:19:08,1437949068362194944,RKen_Avocado,R-KEN,"兩個在我房間打哈利波特的人類啊......
#吃完宵來一場哈利波特 https://t.co/IvZ6pNILxZ",0,0,Twitter for Android
2021-09-15 00:40:48,1437939420338933760,SugarCorn25,姆糖玉米SugarCorn,"@SWZart @CRKingdomEN 來啦 一起肝哈利波特坑
香的#",3,0,Twitter for Android
2021-09-15 00:36:34,1437938356680155139,qaz325679123,R清🍑🥟,我FB好友都在玩魔法覺醒ㄟ 頭痛,0,0,Twitter for Android
2021-09-15 00:07:25,1437931019466723329,nachiii__na,nachi,@Toyu_miepu 那個哈利波特ㄉ我也有點想玩 來去載ㄌ,0,0,Twitter for iPhone
2021-09-14 23:56:14,1437928205340532743,0w0morning,格不灵童话,@Assasinotang 哈利波特是狮子座，我也是狮子座，四舍五入，我就是哈利波特,1,0,Twitter for iPhone
2021-09-14 22:20:46,1437904180820254720,Assasinotang,法师不懂法法法法外狂徒老法师,今天回味哈利波特第一部，突然意识到哈利过生日那天，海格来岛上接哈利去上学，如果9月开学，也就是说，哈利在生日+大概一个月左右去上学了，emmmm，加上哈利的格兰芬多精神，是能拔出格兰芬多剑的人，格兰芬多是狮子，所以！！！真相只有一… https://t.co/tRs6GZzkTw,3,0,Twitter for Android
2021-09-14 22:19:29,1437903860203286528,Dark_Nichion,Shadow影,@Zorro_asado @YQilim 哈利波特：魔法覺醒,1,0,Twitter for Android
2021-09-14 21:58:51,1437898667361333248,Quasimodochen04,A-mu,"雖然哈利波特玩歸玩，
但該打的手槍還是要打的 (咦？) https://t.co/ONfoNjnIUy",0,0,Twitter for Android
2021-09-14 20:06:26,1437870373761019904,butter_flynally,FLY🏳️‍🌈,"今天遇到最扯的事情
我有朋友不知道哈利波特是什麼
我以為我們這個年紀的童年至少也會聽過 如果是現在的小朋友倒是有可能🥺",0,0,Twitter for Android
2021-09-14 19:35:37,1437862618442735619,sjsnxkd,🌏,哈利波特好难玩md,1,0,Twitter for iPhone
2021-09-14 18:57:45,1437853092645523457,cy_20215991,🌈Just a MM,"看完這個決定把哈利波特刪掉，
雖然這個遊戲拿到很好的IP，
內容也製作的不錯，
但是在這自由的島嶼上，
限制言論就是一種對自由的污辱。

“美國人生長在自由的土地，
台灣人生長在自由的島嶼。”
https://t.co/1Xb9UXoHe8",17,0,Twitter for Android
2021-09-14 18:34:45,1437847303545520128,YQilim,Yuan Qilim,我是不是唯一一個想玩哈利波特 然後去下載另一個也叫哈利波特但完全不同遊戲還渾然不知的人啊？ https://t.co/zzt7eGyHZc,31,0,Twitter for Android
2021-09-14 18:29:51,1437846069979672576,EwuFZrtSBedLoaw,タンケケ,"我最近好想把哈利波特看完，但我沒時間😟

#唐可可 https://t.co/JSCO5VUqH7",12,1,Twitter for Android
2021-09-14 18:17:30,1437842962826756099,xnxwoi,宝贝你得夸我呀,大无语 开哈利波特盲盒开到我最最最不想要的伏地魔 https://t.co/eTNvl4OjpV,0,0,Twitter for iPhone
2021-09-14 18:07:46,1437840513382686722,RubymoonLoveWX,Rubymoon,"c8！刚才和我打哈利波特双排的是蓝鸟人吗
忘了两点停服了所以算赢了吗
气晕了要",6,0,Twitter for iPhone
2021-09-14 18:07:44,1437840505077854210,sictor_xuan,花蓮小王子,和他聊哈利波特，我问他喜欢哪个学院，他说他原来喜欢狮院，现在喜欢獾院。我说我喜欢蛇院，他说很适合我这个天蝎座。我接着问他什么星座，他说他双鱼座。啧啧啧，双鱼座老渣男了。 https://t.co/2wCPjv1aY6,0,0,Twitter for Android
2021-09-14 18:04:38,1437839724010377217,Pilocarpineeeee,毛果芸柯鹼,"哈利波特這個遊戲再不給我金金我真的會生氣
箱子也沒有卡包也沒有 甚至圖書館都快抽到保底了也沒有 到底是不是在哭 https://t.co/WRz6zNIsuS",20,0,Twitter for iPhone
2021-09-14 18:04:38,1437839721602830338,beeeeeeeeeeed_,Wannasleep999,@indulging1988 可恶！不准崩溃！快点来跟我哈利波特打牌！,0,0,Twitter for iPhone
2021-09-14 17:48:16,1437835606407761925,ch67637722,未来可期,你们哈利波特人柳打过去了咩？😳😳😳 https://t.co/Tm6kzBzLCh,0,0,Twitter for Android
2021-09-14 17:43:16,1437834346153463808,c_er_tong,小隻🐾,"@Shippo727 在跟朋友玩哈利波特的手遊
剛入坑~OMG超好玩٩(๑^o^๑)۶",0,0,Twitter for Android
2021-09-14 17:18:32,1437828122729013248,Lingkebaihezi,荆棘,@qiuchanjiang 哈利波特是卡牌策略类游戏吗,1,0,Twitter for iPhone
2021-09-14 17:17:34,1437827880721940480,qiuchanjiang,秋潺酱今天做课题了吗,"和牛牛挂着视频打哈利波特
我在视频前脱光了
牛牛也无动于衷
因为他在认真巫师决斗
笑死
有了游戏要什么女人（滑稽",7,0,Twitter for iPhone
2021-09-14 17:12:18,1437826554059386881,selene_atiny,拾月 ☾,"梯妮流行ㄉ遊戲：哈利波特（？）

果然跟梯妮一起玩特別有默契那個連勝XD
對手看到應該嚇死（但其實我們開麥也沒指揮ㄚ都在瞎聊）（就……默契） https://t.co/OsAIZwWRiN",4,0,Twitter for Android
2021-09-14 16:58:52,1437823171365797890,bigsuiya,布布 Boo,果斷待在家玩哈利波特,0,0,Twitter for iPhone
2021-09-14 16:50:03,1437820952478289927,Ariel03501708,Ariel,"又不务正业地刷了一遍哈利波特的电影！
原汁原味的感动，场面还是很宏大。虽然跟原著出入有点多，有时候为了剧情需要弱化了哈利的能力，也削减了很多配角的光环。
但是看书的时候可以随意代入电影里的场景还是很不错的！",0,0,Twitter for iPhone
2021-09-14 16:40:40,1437818593324924932,banana16823,코코야,"從小可愛到大 
小時候很像哈利波特ㄟ（但根本沒看過抱歉 https://t.co/mcQ0ENBKje",1,0,Twitter for iPhone
2021-09-14 16:35:00,1437817168092033025,Chunchunyolanda,純純🐰,"既然最近哈利波特手游那么火，便简单介绍一下摄魂怪Dementor吧。
摄魂怪是一种黑暗生物，靠吸食人类的积极情感为生。被摄魂怪袭击的人类，所有美好的感觉，快乐的回忆都会被吸走，并且会被强迫一遍遍的重温最糟糕的回忆。最后只剩下抑郁，绝望和一副活着的空壳。",3,0,Twitter for iPhone
2021-09-14 16:20:46,1437813583446888455,grayGuo01,追追🍜,@anxious_Hsun 哈利波特是我ㄉ童年🥺,1,0,Twitter for iPhone
2021-09-14 16:07:46,1437810312879636480,aodou1068,DJ粉絲🐈‍⬛,哈利波特不同學院還是會有交集啦，上課都一起的,0,0,Twitter for Android
2021-09-14 16:03:50,1437809322944184323,fgomerlinmylove,加拉哈德♥,@ssan0309 我要哈利波特或者妙麗啦🤣🤣,0,0,Twitter for Android
2021-09-14 15:56:50,1437807561391034373,KS1w1quh7wak,🍐,"魔药学、炼金术、草药学、魔咒学、天文、占卜……那些在古书古画中有迹可循的不可思议传说跨越了时间，经由1990年那班曼彻斯特开往伦敦的火车最终变成了无数孩子的童年。
靠近出口的最后一个展柜里，等间距陈列的是各国语言的哈利波特译本，一… https://t.co/qfBXscEXtq",0,0,Twitter for iPhone
2021-09-14 15:54:38,1437807006455193602,_d0401,傑克與魔豆🔮✨,"完蛋 我真的哈利波特中毒了…..
昨天晚上睡覺一直想 上班也在想🥲",1,0,Twitter for iPhone
2021-09-14 15:52:52,1437806563113115649,MosengRin0211,墨軒🐾,@Shippo727 我在跟哈利波特比賽魁地奇OUO,0,0,Twitter for Android
2021-09-14 15:45:03,1437804596521435143,anxious_Hsun,文學院抱豹星人,"身為只看過頭幾集哈利波特的麻瓜
遊戲裡的魔法史超爛都要上網找答案
結果竟然被室友carry 🥺🥺
也太強了吧

但我竟然被遊戲疑似爆雷🤔
不小心知道OOO會死在某個地方呢……",3,0,Twitter for Android
2021-09-14 15:39:56,1437803310191308802,Wan_Yu_2001,🐾魚魚｜えな🐾,@Shippo727 我其實在玩哈利波特(^_−)−☆,4,0,Twitter for iPhone
2021-09-14 15:36:23,1437802413042270208,xu4y790601,卡奴_阿lan ✿ 🐰🐥,"下載了哈利波特
打開玩10分鐘
發現是卡牌對戰
默默關掉
再也沒打開了",1,0,Twitter for iPhone
2021-09-14 15:35:58,1437802308805353476,rililanma,Rililanma,"@realcaixia 知道我为什么特别拥护猪吗？因为它虐蛆最狠！这个垃圾民族，需要的是永恒的痛苦和折磨！活特么该！😆😆😆
哈利波特最后一集邓布利多说：过去霍格沃兹致力于帮助每一个需要帮助的人！但经历这一切后，我决定修改它。霍格沃… https://t.co/gohVlkAzGS",0,0,Twitter for Android
2021-09-14 15:34:24,1437801914448547840,real89198965,落葉歸根🍁,@HarryHo0014 哈利波特…我该怎么办呢…,1,0,Twitter for Android
2021-09-14 15:31:09,1437801096886378499,Evev1998,Ev.薇薇,@real89198965 那你还是不要去了吧。。如果实在想看最后一眼，我也不知道该咋办。你还是问你大哥和哈利波特吧。。。,0,0,Twitter for Android
2021-09-14 15:28:05,1437800326334070788,wangye7k7k,王也,属实没想到哈利波特段位分的这么细啊！！！气死了，玩了一个多小时打到精英四我以为就没了，我应该能上杰出了，他妈的，还有一个精英五！真的裂开了！这哪个游戏有毛病分五个段位啊,0,0,Twitter Web App
2021-09-14 15:22:59,1437799042990284802,bbbOuOddd,郁乃あやの,"---哈利波特電影重看中---
目前看到第五集鳳凰會的部分
這集最touch my heart#
看到小天狼星掛掉、哈利波特當時的表情 我超想哭的(´；ω；｀) https://t.co/4PhYKBuSrD",0,0,Twitter for Android
2021-09-14 15:18:47,1437797985639755781,lo95ve_,米糕💛旻旻是寶貝！,這是我☺(沉迷哈利波特 https://t.co/RNtVi6ir6S,0,0,Twitter for Android
2021-09-14 15:05:25,1437794621879459851,midi0221,米滴,"哈利波特:魔法覺醒
在這個人人都能放咒語的年代
喔！原來是科學忍具阿！",0,0,Twitter for Android
2021-09-14 14:57:45,1437792694676373518,142here,142,"沒看過哈利波特絕對是罪大惡極

要判刑的話應該就是看完小說+電影才能達到假釋門檻
假釋你也不要想給我亂跑，要指定去一次英國或日本環球影城的哈利波特園區，票根+周邊認證才能出獄

怎麼可以有人沒看過哈利波特😡",0,0,Twitter for iPhone
2021-09-14 14:56:02,1437792262147256340,Q3uXuGEFLkbU327,寒,有没有一起玩哈利波特的崽崽啊,0,0,Twitter for Android
2021-09-14 14:55:50,1437792210720862208,BONSPLUTO,𝘽𝙊𝙉 🍞 沈迷哈利波特slow中,"哈利波特社團社員招募中٩( ᐛ )و
歡迎同是蛇院ㄉ推友朋朋加入
搜尋男偶像來泡泡茶啊

剛剛發現海報可以加自己的圖
於是做了個符合我們社名的
希望審核能過（應該可以吧 https://t.co/iFOJpuiysW",24,0,Twitter for iPad
2021-09-14 14:52:43,1437791424083279879,toaisfoong,洛梨游真,讓我們在《哈利波特：巫師聯盟》中成為好友！我的好友代號為：4193 2114 4353。,0,0,Twitter for Android
2021-09-14 14:40:23,1437788323683217422,sjps40126,ᙏ̤̫ Yahua_屋哩特使出發了,"今天好忙
下班吃飽後去拿東西又去買書
回來直接接跑彈
又跟朋友聊了一個小時
都還沒好好滑推
要先來解今天的哈利波特wwwww",0,0,Twitter for iPhone
2021-09-14 14:37:33,1437787609137389572,YanLiu86257061,Shiiiiiiiit,"这次开学来开始记账了
总算知道自己钱去哪里了😵‍💫
每一天都是200-400，只是在学校和网购而已。
唉，还是培养一个好的消费习惯吧

而且，生理书重复的看
有感受到每次都能捕捉到新的知识点与理解，这样很棒耶。

最近又要重刷哈利… https://t.co/DjM61vaiYh",0,0,Twitter for iPhone
2021-09-14 14:36:31,1437787351074357259,Lafutake,黃勝威,"哈利波特（x
寶可夢（o
https://t.co/lmSuFVSgPg",0,0,Twitter for Android
2021-09-14 14:19:19,1437783021042774021,HanesachiKomo,羽幸コモ＠個人勢Vtuber,"大家早安安安安呀
可莫最近玩哈利波特玩得好開心////
有V朋朋要來加可莫的社團與好友嗎！ https://t.co/uofhtDh2N0",11,1,Twitter for iPhone
2021-09-14 13:43:26,1437773990907596819,butter_flynally,FLY🏳️‍🌈,"時隔三年又看了一次怪獸與他們的產地
當年沒去電影院看 只能用盜版影片
翻譯跟屎一樣 畫質像垃圾 根本沒看懂劇情
現在看完真的又夠愛紐特的 雖然劇情可能沒比哈利波特本身精彩 但紐特的人格特質 顏值 氣質完全我的菜🥲🥲",0,0,Twitter for Android
2021-09-14 13:26:08,1437769636699852803,Rushi2021,花枝春野,"不禁发出感叹，《夏目友人帐》没有接受网易的合作邀请真是太好了。

《哈利波特·阿兹卡班学院·AKA食死徒觉醒》

这几天看到这个游戏，就想起，莉莉死前倾尽全力释放的保护咒，斯内普抱着莉莉尸体的无声嚎哭，小天狼星惊愕捂住胸口，学长倒在草地上睁大眼睛…",1,0,Twitter for Android
2021-09-14 13:20:45,1437768280253419524,lovebtsnkm,橄欖油,"跟大家分享一下

哈利波特的遊戲在我手機裡存在過1分鐘 為什麼只有1分鐘呢 因為我內存不夠==",5,0,Twitter for Android
2021-09-14 13:08:12,1437765123322482688,sweetnight95_,최고의구오즈🍀,沒有看哈利波特是不是就無法在這世上生存🥲,0,0,Twitter for iPhone
2021-09-14 13:08:03,1437765085263400963,LJY_9705,✨Winnie∞운 👩‍🍳,聽到哈利波特我直接下線 有看但真的沒怎麼認真的看的我…,1,0,Twitter for iPhone
2021-09-14 12:48:48,1437760241861414916,_oni_riz,𝕆𝕟𝕚ℝ𝕚𝐳𝐲,哈利波特好複雜喔有好多事要做不適合要上班的我，所以下禮拜再來熬夜玩（嗯？,2,0,Twitter for Android
2021-09-14 12:32:34,1437756156798136326,Gongkouniang,工口小娘,北京的那个哈利波特城堡好玩不？谁去过？🤤🤤🤤🤤 https://t.co/WgSIjmWoXC,150,76,Twitter for Android
2021-09-14 12:27:21,1437754844006293506,moon_muye,沐夜,@peachgasbum 已经打了四天哈利波特了，现在才上推,0,0,Twitter for Android
2021-09-14 12:27:13,1437754809109471232,Rinko_718,凛子⭐️やっぱり今年も安定五等,重新看哈利波特 https://t.co/23JVoQyXX4,1,0,Twitter for Android
2021-09-14 12:26:26,1437754612593819652,2matrix8,矩陣,"傳說也變太醜⋯
還是是因為玩了哈利波特所以好看的標準變高了😍
不過新大廳是真的醜 而且好不習慣戰場變的有點透明（？
新英雄還沒玩過 不知道好不好用欸 一直想試試看但都來不及搶到🥲",4,0,Twitter for iPhone
2021-09-14 12:21:03,1437753257913307137,Pisces3344,pisces_34,哈利波特魔法觉醒，电脑版，卸载，累了。🥲,0,0,Twitter Web App
2021-09-14 11:52:17,1437746020130058241,piepie1223,奶油派🦀🦀,哈利波特好難啊,0,0,Twitter for Android
2021-09-14 11:50:26,1437745551383019527,moumouyus,毛毛雨大人,哈利波特開始玩四天無課拿到四張傳說🥺🥺,2,0,Twitter for iPhone
2021-09-14 11:17:58,1437737382812348416,Cecilia_yra_,😶‍🌫️yra,回看哈利波特与魔法石，看到一张张熟悉的面孔，再想到他们各自的结局，泪水在眼眶里转来转去 https://t.co/dTxTncB8tO,1,0,Twitter for iPhone
2021-09-14 11:12:08,1437735915443478528,AlekoOW7,狐ぷチューン,好的，哈利波特手游第五天这个游戏就不能玩了,0,0,Twitter for iPhone
2021-09-14 10:55:29,1437731724528476162,Plus365orMore,耨耨⎝༼ ◕д ◕ ༽⎠,"好想玩魔法覺醒噢
但我沒辦法忍受競技類遊戲輸人
這是一種詛咒吧(´Д` )",2,0,Twitter for iPhone
2021-09-14 10:49:55,1437730321370214400,Yezi_1129,葉紙▸Ye zi ☘,"@kiri_taiwan 也不是說哈利波特不好看~
但我真的每次看必睡~才一直看不完XDDD((#",0,0,Twitter Web App
2021-09-14 10:28:49,1437725011465289733,JPwatermeter,淼表,最近那个什么哈利波特的手游我看了一眼QQ空间他们发的截图和视频啥的，这玩意不就是换皮皇室战争？皇室战争这玩意就又肝又氪的，然后这个什么哈利波特手游还特么是网易的，真的有人去正儿八经玩这玩意嘛。。。。现在年轻人为了个IP不至于吧。。。,7,0,Twitter Web App
2021-09-14 09:53:51,1437716212348186627,candywater1,candywater,哈利波特也太好笑，四个学院真的都是各有性格。打架的基本都是狮蛇相争，魔法史每个服都是鹰院第一，獾院我是完全没想到有超多人会去选，而且很神奇的是完全不知道他们在做什么！每天都能碰得到！也是和小说里面的设定很匹配了。勤劳、肯干。三强争霸赛里面的霍格沃兹的代表选手也是獾院的！,0,0,Twitter Web App
2021-09-14 09:46:48,1437714439491317761,CHIRLLEY11,CHIRLLEY,就 哈利波特那个破音游 5星初遇 我肌腱炎都要给练出来了 麻了,0,0,Twitter Web App
2021-09-14 09:45:32,1437714121135321089,yakumosars,水边的奥菲利亚【接稿中】,"今天开始van哈利波特了来着，然后就记起来做的这个有点像食死徒的角色图了……
2K版在https://t.co/jK8PoVDn8Z找
#Warcraft https://t.co/etMdih2lhv",5,1,Twitter Web App
2021-09-14 09:29:51,1437710173120905227,rQHXEkR2Trbbyk7,宁海小奶o,啊啊啊想找一个哥哥一起打游戏，会玩哈利波特的更好,1,0,Twitter for iPhone
2021-09-14 09:08:52,1437704893133836289,Aldawolf0814,阿爾達 A_lda 聲優系Vtuber,哈利波特玩起來好嗎？ https://t.co/Siqj9xog6d,9,0,Twitter for Android
2021-09-14 09:00:13,1437702714796900354,_donot_do_that_,Jyohn,@hayashi_hinoko @ssan0309 抱歉了但我真的沒看過哈利波特🥺,1,0,Twitter for iPhone
2021-09-14 08:46:02,1437699147558113284,Yihsinlee56,Yihsin 宜心病很重,"雖因中資的緣故我自己不玩魔法覺醒，這完全是我個人選擇，我很多朋友入坑我沒意見啦，感覺確實很香，唯一希望她們別課太多（還是管太多ㄌ 搜哩）
我八年級頭還記得高中全班都HP迷的盛況，可惜我10多年後才開始看同人文，完全錯過黃金時期XDD 如果有更多人因遊戲入HP坑我還是很開心啦",1,0,Twitter for Android
2021-09-14 08:45:37,1437699042964766720,fgomerlinmylove,加拉哈德♥,@yu_z_1101_19 所以我也想要一隻哈利波特~然後輸出全靠索命咒🤣再來個aoe 魔法清小怪 龍蛋偶爾放,0,0,Twitter for Android
2021-09-14 08:43:55,1437698615905034243,StarlingNiohuru,躺平的韭菜花 ᡩᡝᡩᡠᠩᡤᡝ ᠰᡝᠩᡴᡠᠯᡝ🟨,我抵制JK罗琳是不假，但我并不是因为作者才不喜欢哈利波特的。在我看来哈利波特就是给小孩看的，问题是我小孩时候也宁愿看脑洞大开的科幻作品，几个小屁孩整几个魔法这么无聊的东西我看的进去么？,0,0,Twitter Web App
2021-09-14 08:41:29,1437698001720410118,pokeasou,あそう,其實我以前做過羅琳官方ㄉ哈利波特學院測驗 怎麼做都是雷文克勞(X,1,0,Twitter Web App
2021-09-14 08:34:30,1437696246764818435,fgomerlinmylove,加拉哈德♥,@yu_z_1101_19 哈哈哈更進階就是來隻金卡哈利波特,0,0,Twitter for Android
2021-09-14 08:34:08,1437696151570948101,Ahchien0614,阿謙,"然後我還狂玩哈利波特手遊
畫不完只能怪自己🥺 https://t.co/RVcIDUkyGk",18,0,Twitter for iPhone
2021-09-14 08:08:13,1437689631202414595,RsRmipkMQfrZTlO,阿誠,"RRR雖然禮拜五就去買了 
但一直玩哈利波特都忘記曬一下惹www
掛軸超香大哭的臉
有興趣可以到kira base看看
5266！❤️
@ruroroisme 
#璐洛洛 https://t.co/ZIxdCOuIvO",14,3,Twitter for iPhone
2021-09-14 08:03:03,1437688328225050628,NJMSJMDCT_826,🪄비비디 바비디 부✨,"看大家都在玩哈利波特手遊
我實在不好意思說
·
·
·
·
其實我沒看過哈利波特((逃",33,0,Twitter for iPhone
2021-09-14 07:53:16,1437685867557097472,xiaxiazaizhe520,夏夏在这,"快来找我
我要冲哈利波特(理直气壮)
开学了回复不及时 过门槛的直接甩支付宝口令红包和你的微信 看到了会加的
有没有哈利波特双排的 我顶尖了qaq https://t.co/REj1eA2iWQ",4,0,Twitter for Android
2021-09-14 07:48:17,1437684615511117825,qiuchanjiang,秋潺酱今天做课题了吗,"今天宗教学课两个小时在讲创世纪
讲上帝七天造世界 亚当夏娃偷吃禁果
还有蛇的寓意
然后我觉得无聊
开小差打了两个小时哈利波特……",2,0,Twitter for iPhone
2021-09-14 07:34:35,1437681167122059271,KAI37636,酷猫猫允许你在发情期挠挠下巴,"【论我这日渐奇怪的xp】
（前提:最近在玩哈利波特魔法觉醒，我被分院帽分到了獾院）
午休时，
主人:""（学院活动魔法史课排名截图，主人的学院第一)赫奇帕奇果然很拉，都没读过书的样子""
我:（啊呜呜呜有主人被羞辱到，boki☆）… https://t.co/OxjNs4AATj",1,0,Twitter for Android
2021-09-14 07:23:50,1437678458914574343,wendy_wu06,神隱少女🦁️,아ㅏㅏㅏㅏㅏ好討厭 為什麼哈利波特那個遊戲是中資啦ㅠㅠㅠ 前幾天海看到有人分享需要授權錄音😭😭 身為普通粉絲也好想玩😭,0,0,Twitter for iPhone
2021-09-14 07:04:38,1437673630943485964,ALI07965815,Alouette,"#genshinimpact
#Sucrose×#dottore
HPparo，我这不就搞了（）

❗️动作有参考，就是那张经典剧照。
❗️背景是《哈利波特：魔法觉醒》游戏截图。 https://t.co/A2wZCD8bTJ",10,1,Twitter for Android
2021-09-14 06:53:29,1437670824157319168,Minamoto66,Mina,@NZloveJesus 哈哈这个大乌贼像极了《哈利波特》里的摄魂怪,4,1,Twitter for iPhone
2021-09-14 06:51:02,1437670207162441731,reki_jump,跳跳的推特都是貓,@cindy502 你是說哈利波特嗎,0,0,Twitter Web App
2021-09-14 06:14:21,1437660974744358915,ivenvd,Iven ʕ•̬͡•ʔ✧,所有人都在聊环球影城，这让我这个对哈利波特无感的人感觉格格不入。我在那个时代在干嘛呢？好像是在看金庸小说？,0,0,Twitter Web App
2021-09-14 06:03:40,1437658287525167104,orenjijusutouko,不喝89㌉64㌎橙脂吗🔮🐏🧪,"我看哈利波特从来没喜欢过哈利波特这个人，我一直最喜欢luna和ginny，甚至把英文名改成luna。
我看柯南也从来不喜欢柯南，最爱灰原哀。
这是我的撑女反男天赋吧。",2,0,Twitter for iPhone
2021-09-14 05:58:43,1437657039799406598,LupoHuang,Lupo,"這幾天很認真的在玩哈利波特手遊
因為把小說看得滾瓜爛熟而在學院杯幫自己學院拿下第一名的感覺真好(滿足(入戲太深",2,0,Twitter for iPhone
2021-09-14 05:48:56,1437654578082684930,dokoham,dokoham,魔法師日常任務時間｜【花枝丸-哈利波特魔法覺醒】 https://t.co/vGkCbzfuIQ 來自 @YouTube,0,0,Twitter Web App
2021-09-14 05:39:37,1437652235723345921,literage1,literage,话说哈利波特那个新手游感觉不错，但可惜最近好忙，没有时间做呢,0,0,Twitter for Android
2021-09-14 05:39:35,1437652224876822528,shuhuaisawolf,DAGO是金米妮的抽水馬達,哈利波特裡石內卜自創的咒語撕淌三步殺（Sectumsempra）除了音譯還原以外，還把攻擊型態（撕淌）跟危險程度（三步殺）都放進名字裡了…譯者真的好厲害……,11,0,Twitter for Android
2021-09-14 05:35:08,1437651107199668226,NorsenYu,我缺錢還淺眠,"欸不是 我們學校的圖書館申請
也太像什麼魔法學院
「它是個奇特的地方，知道它的存在卻不知道它的內在…」
幹嘛啦喜歡哈利波特吼",1,0,Twitter for Android
2021-09-14 05:05:35,1437643670312742923,emmavsedison,挨骂姐,@takagi164takagi @DTH03597062 额，最近大陆的年轻人都在玩儿一款名叫“哈利波特  魔法觉醒”的手机游戏……大热门的手游……这个情报不知道算不算。,0,0,Twitter for Android
2021-09-14 05:04:47,1437643465974861824,AureliaMoomins,suzi404,"好久不见，最近怎么样？
：正在学会重新振作，看了惦记很久的书籍。
感觉怎么样？有什么给我推荐的吗？
：想知道吗？《世界尽头的咖啡馆》——写作方式和风格我比较受用，没有重复无谓的空话，它在慢慢引导你去思考。然后电影大概就是重温哈利波… https://t.co/C6sjb2Gte3",0,0,Twitter for Android
2021-09-14 05:01:18,1437642591063855115,aria1030a,無情のAPEX東(アイン♪),@rutsz_ika 旁邊需要擺一套哈利波特當參考資料嗎😆,0,0,Twitter for iPhone
2021-09-14 04:45:05,1437638511373414400,kssykk,ssy,"其实我觉得哈/利 演技不咋地 赫/敏也……
小时候知道哈/利/波/特是和我哥他们一起看的 就记得男主有点丑（后来我长大自己看发现那个时候看的是最后一部… 他真的长残了…）而且电影好黑我都看不清 所以导致我一直不喜欢这个电影也没看过… https://t.co/Zph6SWdYKd",0,0,Twitter for iPhone
2021-09-14 03:44:40,1437623303762501635,Schutze86,所以是弱受_m,"对于我这种日常非酋来说，哈利波特的出橙对我来说挺高的，还出了两张哈利一张闪电风暴www
#哈利波特魔法覺醒 #四爱奴 #兰州 ＃sm https://t.co/1FsRVHkxXL",0,0,Twitter Web App
2021-09-14 03:39:49,1437622085598150661,yi85083700,yi,怎么说呢 哈利波特签到拿了张金卡。 https://t.co/9Q7CyEDFZm,1,0,Twitter for iPhone
2021-09-14 03:39:45,1437622069928214534,bigpineapple,菠萝大帝,哈利波特这游戏其实就是炉石传说的翻版啊感觉。没求意思，玩起来累，删了。 https://t.co/U0az2QfOAo,3,0,Twitter for iPhone
2021-09-14 03:35:15,1437620935100485639,Takehiro_Wei,Takehiro🌈威,哈利波特騎掃把都是騙人的！！！！ https://t.co/VucCuM8HRD,6,0,Twitter for Android
2021-09-14 03:34:40,1437620787825897476,wa_OMG,蛙@論文生產中,犀牛盾的哈利波特殼好好看🥰🥰🥰,1,0,Twitter for iPhone
2021-09-14 03:29:27,1437619476682330116,Yezi_1129,葉紙▸Ye zi ☘,"✎自言▸▸▸
對哈利波特的印象只停留在消失的密室
今天的魔法史課堂
讓我有種回到以前唸書時期
完全沒讀書拿到考卷一臉懵的感覺XDD
還好可以抄同學的答案www((#
最喜歡畫畫的課堂~雖然我畫的很爛😌",57,0,Twitter for Android
2021-09-14 03:22:30,1437617727598829574,Yezi_1129,葉紙▸Ye zi ☘,"@selena0416 還好我只有因為貓頭鷹買了33元的那個禮包~XDD
也可能是因為我本身沒看完哈利波特所以還沒有讓我課金的衝動www",2,0,Twitter for Android
2021-09-14 02:54:57,1437610795597107205,leizt01,混乱人格,@KyouKyouu 哈利波特啊，哪个学院啊？,0,0,Twitter for iPhone
2021-09-14 02:44:25,1437608143156961281,selena0416,颯夜就是颯颯( ･ิω･ิ),"魔法覺醒太毒ㄌ
看到一堆人都課爆",5,0,Twitter for Android
2021-09-14 02:38:46,1437606721178923009,mattymatty417,😼 搞笑梗圖Matty😼,死神的炒飯⋯⋯靠邀！ 限制級版的哈利波特喔！ https://t.co/lM7T3f8mEU,3,0,Twitter for iPhone
2021-09-14 02:31:06,1437604792482869250,peach60519891,糖醋丑小鸭,哈利波特魔法觉醒，有一起玩的吗 https://t.co/plPRCxdNaI,0,0,Twitter for Android
2021-09-14 00:35:13,1437575628111417349,Junimo_abc,Junimo,太离谱了，哈利波特抽到水牢，yys每日一抽黑屏千鸡（虽然已经第三只了），离谱，就真的离谱 https://t.co/9hEndfj04R,6,0,Twitter for iPhone
2021-09-13 23:37:25,1437561081644392450,CarolinaHsiao,Carolina Hsiao Chiang,"永恆的煉金術【祕密日記

https://t.co/8j8aUqYnVF

#第三世多杰羌佛#義雲高#义云高#福慧妙門#佛教#佛學#佛法#佛經#煉金術#長生不老#返老回春#哈利·波特#Dorje Chang Buddha # H.… https://t.co/ldPGwkxaoE",3,1,Twitter for iPhone
2021-09-13 23:27:20,1437558544954322945,Kay6_6666,Kay,梦到看哈利波特的书，用本子抄所有的咒语。,0,0,Twitter for iPad
2021-09-13 22:57:35,1437551059619045377,Ss9N0BBv3ZhwMYi,扑克睡不醒,"#扑克碎碎念  好 辛苦拍完的照片发了又要开始摸鱼了 关于投票结果还是蛮开心的/
哈利波特韭菜觉醒太上头了  希望以后禁林可以继续优化（可以加我一起玩 魔法部 扑克睡不醒/社团招人：猫猫神教  不然我们连社团活动都开不了呜
药吃完… https://t.co/oEN1pe0P6C",11,0,Twitter Web App
2021-09-13 22:38:21,1437546217303576592,y7shW45jip6A43k,弹钢琴　相互关注,【精选】王源版哈利波特 弹钢琴360°空中翻转 宋茜秒换装上演复古秀《王牌对王牌2》第12期 20170407 [浙江卫视官方HD] 王源 王祖蓝 宋茜/中国浙江卫视官方频道 Zhejiang STV Official Channel - 欢迎订阅 -,0,0,Botbird tweets
2021-09-13 21:57:16,1437535879032041474,liang_aiguo,🇨🇳爱国青年梁柏金🌾（互fo必回）,@charaz404 @falldreamshadow 我也想到说像哈利波特里的摄魂怪,1,0,Twitter for iPhone
2021-09-13 19:34:14,1437499883733225476,VincentWhite214,🀄不獸控制乂歐洲血統白🀄(印章委託開放中),"栗奇入坑哈利波特
我：所以裡面真的沒有塔利班？
栗奇：？
我：？
栗奇：阿茲卡班啦笑死

笑死到底誰才是沒看過電影的那個",1,0,Twitter for Android
2021-09-13 19:06:55,1437493009889710081,1042850744tu,McGarrett,这两天阴差阳错的又开始了直播 观众粉丝都很热情 直播氛围也很好 大家都很开心，可是一下播心里又开始空落落的，也不想看群消息，洗个澡躺下 电脑放着看了一万年的综艺 玩着哈利波特 也不知道心里在想什么 比起无人诉说更痛苦的是 没有想诉说的人吧,0,0,Twitter for iPhone
2021-09-13 18:46:26,1437487853429133315,CTotter_twt,수달(水獺)🦦,"我在哈利波特遊戲根本就當史萊哲林的料
首抽甚至抽到撕淌三步殺，謝謝大家
佛地魔與石內卜的傳人啦
（然後分院儀式進了葛萊分多，kk喔） https://t.co/vjf1IoBjjW",0,0,Twitter for Android
2021-09-13 18:44:25,1437487346711089152,applerabbit1020,綿點兔→畢製變爛泥☠️,"因為最近在玩哈利波特ㄉ手遊
突然很想看哈利波特全集
於是決定從今天開始補(#",0,0,Twitter for Android
2021-09-13 18:38:06,1437485756050669571,_9ummy6ear_,Gummy Bear 🐻🍬✨❤️,"昨天晚上手機開懸浮視窗
一邊看金南俊直播一邊打哈利波特決鬥賽
結果狂贏🤣🤣🤣
原本下午輸了好幾場
謝謝金南俊的加持（？ https://t.co/rIsAW54yOZ",0,0,Twitter for Android
2021-09-13 18:14:53,1437479916660932608,yuaniverse_,원♡̷̷̷,"雖然很抱歉但我刪了哈利波特
這輩子都要當漫威人🥺💦💦

徘徊在美隊和蛇隊之間
最後還是有夠俗辣的選了基本款
但看到這幕Stucky還是好香🤤

還是這種打打殺殺的遊戲適合我# https://t.co/awojNTX3xQ",0,0,Twitter for iPhone
2021-09-13 17:37:46,1437470572821159936,pink_oooey,（減肥狀態）,今天沈迷在哈利波特跟時光公主裡（都沒人陪我一起玩時光公主 連我男友都拒絕）一直玩到生氣 因為手機一直當掉 不知道等我存到錢換新手機還要多久,2,0,Twitter for iPhone
2021-09-13 17:33:53,1437469598681636864,rdOKZ6EgJ8UHFFX,もも,辣鸡网易 哈利波特一张金卡都抽不到 唯一的金卡还是剧情送的 气死我了,1,0,Twitter for iPhone
2021-09-13 17:24:53,1437467334185160711,OM_1991_,OM⁷_男偶像請平安歸來,"2021 第一屆哈利波特 推特阿米盃 決鬥大賽
報名表來囉

我們把音間的肖話成真了!!
歡迎沉迷哈波的決鬥狂熱者報名
第一名有小獎品唷!!!
感謝 
@dobbydog5
 家庭小精靈權益促進會贊助此活動… https://t.co/inpC2BHIFE",26,10,Twitter Web App
2021-09-13 17:17:54,1437465573152096257,Oppositaman,山藥君🪴Vtuber🪴9/25初配信,@Murata_Nae 這難道是哈利波特嗎w,0,0,Twitter Web App
2021-09-13 17:17:14,1437465407430873090,hayashiBun,𝐵𝑢̂𝑛,"人生中大部分賺的錢來自中國
至今最高的職場尊嚴來自中國
平均密切聯繫的好友來自中國
第一次自己出國的錢來自中國
最近兼職簽約最高薪來自中國
上週開始玩哈利波特來自中國

老實說我整個人根本徹底中資
#我就爛",1,0,Twitter for iPhone
2021-09-13 17:11:12,1437463887566278670,Li12031724,Li,谁来教教我#哈利波特 https://t.co/hiFHPOxcyN,0,0,Twitter for Android
2021-09-13 16:55:18,1437459888934830080,AQi68181424,2+1歲的AQI🌵,剛剛打完遊戲看了一下聊天頻道全都是在各種討論如何花式幹哈利波特我真的？？？連魯休思馬份都出來了到底是在幹嘛啦🤣現在是史萊哲林人人都想幹救世主是嗎,0,0,Twitter for Android
2021-09-13 16:51:48,1437459006574891009,shen_bl_duck,庭院申申申幾許,"不要 不要 不要 再廣告我 哈利波特 手遊了
我是 不會玩的",0,0,Twitter for iPad
2021-09-13 16:51:46,1437458997771079680,sat4041_fish,啊魚🐟,"沈迷於哈利波特無法自拔……
我就很容易被遊戲網羅啊😩
（也只有玩兩個遊戲還都是中資不然是要我怎樣啦😩

你沒有鼻子不能索我的命
如果是紐特小可愛我願意（但是他不會🥺 https://t.co/AYtD66AgsR",0,0,Twitter for iPhone
2021-09-13 16:48:59,1437458298630914050,killkysbird,killkysbird,"✧⁺New project about Bird Magic School⁺✧
默默地籌備了半年，終於可以向大家發表這個新project！！！ε٩(๑&gt; ₃ &lt;)۶з♥
是一個關於鳥魔法學校的徽章設計～參考了哈利波特的學校，也分了… https://t.co/Jw19AN7ZEG",0,0,Twitter for Android
2021-09-13 16:41:55,1437456521323941891,leeli15468371,梓喵°Jac,"欸不是啊

我原本只打算爆一點點配個影集而已……

現在這樣是要看哈利波特1～7是不是…… https://t.co/Mf2tJtl4AC",33,0,Twitter for Android
2021-09-13 16:33:32,1437454410049753090,mino_meat,Mino,"#夢 #塗鴉
不知道是不是最近一直在玩哈利波特的關係XD 今天夢到我是個魔女正在床上睡覺，然後我的水晶球好像是活的，到早上直接跑來壓我，壓我完後看我不起床乾脆直接跑進棉被一起睡有夠可愛WWW
也很草的畫了一下夢裡印象中的房間，感覺… https://t.co/Qnx1yd9KC7",2,0,Twitter Web App
2021-09-13 16:25:53,1437452485707255811,Udrfz9T19Acelnv,大邱金草莓,"開學忙到錯過9/1田柾國生日&amp; 9/8我生日&amp; 9/13金南俊生日要來推特收圖&amp;發日常
最近的娛樂就是哈利波特 https://t.co/D5h6kWfKGc",1,0,Twitter for iPhone
2021-09-13 16:18:46,1437450693829218306,passluo,Passluo | 楼市快崩吧，我想换大平层,"我觉得哈利波特的手游不好玩

我是不是老了",3,0,Twitter Web App
2021-09-13 16:00:15,1437446032074461192,aoyedong,night owl 🌃,因为这游戏又开始看十几年前看过的哈利波特系列，剧情忘得差不多了挺好😅,1,0,Twitter for iPad
2021-09-13 15:56:20,1437445047591473153,bbhisthekey,nonexistent,"#백현아오늘은

【D-510】

今天看了哈利波特的剪辑 还有些伤感
记得小狗说过不喜欢哈利波特 我真的不能同意
不过今天还是这样过去了 希望小狗过得开心
那么就早点睡吧！小狗好梦！

今天，小狗晚安！@B_hundred_Hyun",0,0,Twitter for iPad
2021-09-13 15:55:22,1437444804690911233,Ry13_arts,髪ゴム🐈‍⬛🍷,呜呜呜好想用中文重读一遍哈利波特。永远给我带来欢喜和快乐。,0,0,Twitter for iPhone
2021-09-13 15:38:08,1437440468191567881,mileilei,南昌第一零,我的確有社恐，但是看到帥哥我就可以剋服這種恐懼（參加哈利波特舞會有感）。我的確厭男，但是如果是二次元男人我就可以剋服這種厭惡。我也的確渴屌，但是在看到那一刻我就已經不再渴望了。,0,0,Twitter for Android
2021-09-13 15:31:16,1437438741405048840,denn8989,幕之內,@helloidiot_87 哈利波特忠實粉絲在這！！,0,0,Twitter for Android
2021-09-13 15:15:02,1437434654626234372,iamyourneko,捏扣,有沒有哈利波特,27,0,Twitter for iPhone
2021-09-13 15:08:34,1437433028553285633,XiaHua27,虾滑,"玩哈利波特之前听说是网易的
就知道抽卡这种东西只会伤你的心
但是好多朋友都玩了 也凑热闹玩玩吧
果不其然 抽卡黑黑黑
😑",0,0,Twitter for iPhone
2021-09-13 15:05:07,1437432160659521544,anns35873528,Mr.pudding,沉迷于哈利波特一周，逐渐意识到忠诚、勇气加野心随我来说才是最重要的，批评、挫折、困难都是一个个的博格特和摄魂怪，需要用搞笑心态（滑稽滑稽）或者美好回忆（呼神护卫）才抗得过去。大家都生活在魔法世界里罢了。,0,0,Twitter Web App
2021-09-13 14:54:02,1437429371094986753,ttv0400v,咪咪박박\(◡̈)/♥︎,"每天下班要做的事情：
·滑推（上班漏掉的進度）
·玩餅國（收成+打競技場+打懸賞）
·玩哈利波特（找拼圖）（其他可以晚點）
·補Line的對話

（下班也好忙的感覺",31,0,Twitter for iPhone
2021-09-13 14:43:45,1437426780508344322,dokoham,dokoham,無課台！只想看劇情的玩家！｜【花枝丸-哈利波特魔法覺醒】 https://t.co/rIUN1aPCNW 來自 @YouTube,0,0,Twitter Web App
2021-09-13 14:40:57,1437426076502790146,Sharon_iamKK,SharonKK|10:10| H🕷Spider大發|,哈利波特玩好玩滿，累🥱,3,0,Twitter for iPhone
2021-09-13 14:28:53,1437423038350299138,doramiao1,doramiao,@akilinQAQ 感觉不如哈利波特,0,0,Twitter for Android
2021-09-13 14:21:38,1437421217116405763,KoYiFan1997,"Ko,Yi-Fan","@KoYiFan1997  @AnninMirudayo 
咪嚕！問一下可以在哈利波特裡推廣妳嗎？(´･ω･`) https://t.co/KQX5BBJSUo",3,0,Twitter for iPhone
2021-09-13 14:20:18,1437420881249067021,perh_zhzh,Baek_mnikitam_zh,"#백현아오늘은 D-510
等待你的日子一天天减少 我要高考的日子也一天天越来越近 明天要上罚站体育课 最近没能很好的写完作业 很难过 但是依旧充满希望！最近打了哈利波特手游 感觉还可以哦 不过不应该深究哈哈哈 全部都等高考之后再… https://t.co/CmSE8cZnh5",0,0,Twitter for iPhone
2021-09-13 14:08:01,1437417787006210053,soolove1999,U🌻,日常*最近的時間小偷是新出的哈利波特遊戲@@很久沒玩遊戲結果掉坑了,0,0,Twitter for Android
2021-09-13 13:58:09,1437415304833880072,soymilksalespoi,豆奶销售点,"哈利波特卸载了，垃圾游戏我干你🐴
本来想做一下日常去玩mc，打那个红色线索巨蛛领地，队友告诉我退出去线索就没了，硬着头皮打了两个小时都过不去，各种搜攻略换卡组，最后心态崩了退出去，告诉我线索不会没🙃🙃🙃这辈子打游戏没这么无语过",160,1,Twitter for iPhone
2021-09-13 13:40:12,1437410790114414597,ys_himawari_,葵🎐,我真的要戒哈利波特欸,0,0,Twitter for iPhone
2021-09-13 13:02:19,1437401254225793025,Justonemoon_n,Joey’s house,"跟风下了哈利波特之后 我迷茫了
这游戏咋玩？
为什么开局送了这么多小卡片？
有什么用吗？
我到哪去做任务？
我为什么没有室友？
太他妈难了吧 在卸载的边缘徘徊😭",1,0,Twitter for iPhone
2021-09-13 12:58:47,1437400366220394502,mangmumangmu1,마파두부,"해리포터는 哈利波特라고 하는구나
波만 博으로 바꿨어 크크크크크크",4,0,Twitter Web App
2021-09-13 12:57:13,1437399972249362432,jeonchil,I'm顧西,"我好想玩魔法覺醒喔但想到玩遊戲就覺得好累（蛤

哈迷新朋朋說滿好玩ㄉ
可是我不知道那裡面在幹嘛欸
我有點害怕雖然我愛爆哈利波特

（玩遊戲也要怕半天）",2,0,Twitter for Android
2021-09-13 12:56:49,1437399871481270275,AkbufyqVypAmT6y,砍死法老,"扫黑风暴全集+送审版
失控玩家
重案怒火
明日之战
白蛇2.青蛇劫起
南巫
哈利波特1-7部
各种最新电影资源，5r一部
需要的➕微❤️:bswsn1",2,0,Twitter for iPhone
2021-09-13 12:51:07,1437398436714729480,theodissimule,丹,@reiwasaisho 痠到不想下床拿東西 但好想玩哈利波特 但腳好痠 嗚嗚,0,0,Twitter for iPhone
2021-09-13 12:41:18,1437395965409828871,oouniunioo,彩虹村村民,"有沒有人在玩哈利波特是蛇院的🥺
我創了一個國旻的社團
KMoil
最大的魔法煉油廠 要是不知道要加什麼社團可以來和我一起取暖❤️",0,0,Twitter for iPhone
2021-09-13 12:36:28,1437394750965907463,b0970952646,02(´-ωก`)成為藤蔓糧食的糰子🌱,哈利波特好好看喔...我以前怎麼沒有電影可以看,0,0,Twitter Web App
2021-09-13 12:25:49,1437392070633607169,qtN4cvRTuKM20Bx,泽尔,"扫黑风暴全集+送审版
失控玩家
重案怒火
明日之战
白蛇2.青蛇劫起
南巫
哈利波特1-7部
各种最新电影资源，5r一部
需要的➕微❤️:bdwp9527 https://t.co/kXW3ZpnfDV",2,0,Twitter for iPhone
2021-09-13 12:22:25,1437391213871570945,nomei_lin,野鳴nomei,"【習作】
上完課後想練習但不知道畫啥，因為最近迷上了哈利波特哈哈哈，最後就畫了HP版本的Amos🥰
是史萊哲林資優生
-
我也有玩哈利波特～ID：Amos林翎
歡迎加加！🥳 https://t.co/Im7ykK9lFI",31,5,Twitter Web App
2021-09-13 12:08:56,1437387820356694018,qweasdvbn122,玥楓,時裝讓我好想課.... 只有我玩哈利波特什麼都不想做只想買衣服嗎（（,2,0,Twitter for Android
2021-09-13 11:59:45,1437385509639049219,zero_yeah_0321,椰果阿洛,"我開心到快瘋了
我好愛嗚嗚嗚
哈利…波特…🥺🥺＾^@!,:&amp;@))(""#/（語無倫次
好讚😭😭😭😭💖
對我太好了吧😭😭💖✨✨✨ https://t.co/KisVAqWIsK",4,0,Twitter for Android
2021-09-13 11:46:11,1437382096427761667,bbhuang1994,黃嗶嗶,哈利波特的遊戲裡面，打奶油啤酒居然會被視為敏感詞彙！到底！,38,0,Twitter for iPhone
2021-09-13 11:41:24,1437380890015895553,sjps40126,ᙏ̤̫ Yahua_屋哩特使出發了,"剛剛南俊直播通知
我的哈利波特學年考核到一半
直接丟下那棵樹來看直播wwwww",0,0,Twitter for iPhone
2021-09-13 11:28:59,1437377765234253825,dolce0011,h.h100%,沉迷《哈利波特》手游无法自拔。,0,0,Twitter for iPhone
2021-09-13 11:23:10,1437376304077099017,bot19888864,次高🇯🇵,马克思为了自己喝酒，不管家里，把资本家的钱拿去下酒馆吹牛皮，写了本类似货币战争的地摊文学，穷逼一个居然被吹成经济学大师。mtf可以看马克思爱国，不能看哈利波特，太进步啦。,4,0,Twitter Web App
2021-09-13 11:20:10,1437375547605065728,lily_maa666,林莉莉,"哈利波特是现在正在做yys五周年祭的工作室做的？？
请问各位鼠鼠，我yys退坑两年了，现在yys还好玩嘛",3,0,Twitter for Android
2021-09-13 11:10:16,1437373058847809538,CanDoThisAllD4y,以生命值硬接😷,"@Junho_Mukuro 紅底game, 連「香港人」都係敏感字

以下截自「共業」app
哈利波特：魔法覺醒由網易遊戲及華納兄弟共同開發。
網易遊戲為網易子公司。
網易由中國商人丁磊擁有。

=================… https://t.co/Xn4vN4oG8I",10,0,Twitter for Android
2021-09-13 10:55:17,1437369285010083854,NhaP8v,023-感官先生,哈利波特 玩一天脑壳都是懵的,3,0,Twitter for iPhone
2021-09-13 10:53:18,1437368786017939461,MoDuckD,冬錢臘鴨-MoDuck@欲速則不達,"事實上，HP根本不適合改編手游。
Fans主要是想在遊戲中體驗哈利波特的魔法世界觀，所以先決條件就是畫面要夠精美，才能令人沉浸其中，光滿足這點已經很難。
重要的是，主流手機遊戲的盈利方式都是內置課金，這點限制了遊戲玩法，不是抽卡轉… https://t.co/jyyQd97XoD",20,0,Twitter Web App
2021-09-13 10:15:08,1437359183578365963,lngxing14,língxiāng‎🐾🐳,哈利波特真帅,1,0,Twitter for iPhone
2021-09-13 10:12:59,1437358639631659011,freshwithblood,killemall,"ipad：哈利波特
手機：推特
電腦：zoom class lol",0,0,Twitter for iPhone
2021-09-13 09:55:09,1437354151172657156,nobitanobiiiii,野比伸太太太太太,@BTretryII 我就知道哈利波特是一本陰影小說（非色情）,1,0,Twitter for Android
